source_id,nombre,categoria,marca,modelo,descripcion,precio,stock,imagen_url,activo
PREVIEW-5DE6C8587BFA0848,"ESTUCHE EPIK LAPTOP 15.6""",EPIK,,,,75000,3,,1
PREVIEW-2F01390766E229A6,ADAPRADOR EUROPEO,CARGADORES,,,,45000,4,,1
PREVIEW-A5BE3C1DB0378A2F,ADAPTADOR ETHERNET TIPO C CAJA VERDE,ACCESORIOS COMPUTADORES,,,,35000,2,,1
PREVIEW-97368BEC11A74A1B,ADAPTADOR TIPO C A INTERNET,INTERNET,,,,35000,1,,1
PREVIEW-74079FFEF9BF2AB6,ADAPTADOR UNIVERSAL,JEDEL,,,,40000,1,,1
PREVIEW-C232E7C89A45BD27,AIRPODS 4 GENERACION,BLUETOOTH,,,,160000,3,,1
PREVIEW-24D1803BDD7E4C07,AIRPODS MAX,DIADEMAS,,,,145000,3,,1
PREVIEW-5D2F62F2021BBCFB,AIRPODS PRO 3,BLUETOOTH,,,,220000,2,,1
PREVIEW-98926273180D80CF,ALARMA RELOJ MOVISUN 5W,MOVISUN,,,,75000,1,,1
PREVIEW-CF300E9E1858FA91,ALEXA ECHO SHOW 5,ACCESORIOS,,,,380000,1,,1
PREVIEW-090CC52ACE8D4392,ARMADURA,FORROS,,,,25000,55,,1
PREVIEW-CB24EC4B9E1F3885,ARO LUZ MJ33,ACCESORIOS,,,,110000,0,,1
PREVIEW-4BEF9B30ECDB6DEC,AUDÍFONOS IPHONE TIPO C,ACCESORIOS,,,,60000,8,,1
PREVIEW-0A18A339D411BB99,AUDIFONOS JBL VIBE BEAM 2,JBL,,,,260000,1,,1
PREVIEW-858613DC4CA83377,AUDIFONOS VIDVIE  VS E01,VIDVIE,,,,25000,5,,1
PREVIEW-BB54C43B6B9A2C95,AUDIFONOS VIDVIE HS604,VIDVIE,,,,25000,6,,1
PREVIEW-EF94C761618AB81B,AUDIFONOS VIDVIE IPH E08,VIDVIE,,,,38000,2,,1
PREVIEW-46F09A08ECB16A8D,AUDIFONOS VIDVIE TIPO C 685T,VIDVIE,,,,35000,4,,1
PREVIEW-742B045E7C619D06,BASE DIADEMA ONIKUMA ROJA,JEDEL,,,,45000,2,,1
PREVIEW-96B16BFE26C96C8D,BASE EPIK HONEY-TABLET,EPIK,,,,75000,2,,1
PREVIEW-603E24874C5EC109,BASE EPIK NOTEBOOK-LAPTOP,PENDIENTE_REVISION,,,,95000,1,,1
PREVIEW-48AE139E7F8583CF,BASE EPIK RISER LAPTOP,EPIK,,,,35000,2,,1
PREVIEW-5D503135EF702E86,BASE EPIK ROTARY-STAND TABLET,EPIK,,,,85000,2,,1
PREVIEW-92ED5A1E753A1A47,BASE ONIKUMA ROSADA ST 3,JEDEL,,,,45000,3,,1
PREVIEW-BEAFC94D17440D28,BASE PARA PORTATIL RGB S900,JEDEL,,,,120000,1,,1
PREVIEW-D76C53BD771C3CBB,BASE PORTATIL GAMER S300,JEDEL,,,,110000,1,,1
PREVIEW-73396B2F1A6F3FDC,BLINDADO ANTIESPIA,VIDRIOS,,,,25000,150,,1
PREVIEW-CD6282D4EEECB9DA,BLUETOOHT VIDVIE  W10,VIDVIE,,,,95000,3,,1
PREVIEW-E57F66E900486807,BLUETOOT MOVISUN T4 NEGRO,MOVISUN,,,,68000,4,,1
PREVIEW-926A53AE55BF8B0A,BLUETOOTH CAR X6,PENDIENTE_REVISION,,,,35000,2,,1
PREVIEW-DAE66F28B306F764,BLUETOOTH EPIK E PRO 3,EPIK,,,,95000,3,,1
PREVIEW-625BD40A73045262,BLUETOOTH EPIK NEXO,EPIK,,,,95000,2,,1
PREVIEW-15750CCDAAAD0172,BLUETOOTH EPIK WAVE PODS,EPIK,,,,85000,3,,1
PREVIEW-5594FA1A4F7547D6,BLUETOOTH EPIK WIRELESS AIR CONDUCTION,EPIK,,,,110000,1,,1
PREVIEW-33BD9A001E5E1264,BLUETOOTH GAMER MOVISUN T8,CARGADORES,,,,125000,3,,1
PREVIEW-805F54733CA0BFE8,BLUETOOTH GTIDE  OWS 8,GTIDE,,,,120000,1,,1
PREVIEW-ADE07750030FFB14,BLUETOOTH GTIDE AC01,GTIDE,,,,75000,0,,1
PREVIEW-984AB51F43F290EB,BLUETOOTH MOVISUN ITA 10 PRO,MOVISUN,,,,120000,3,,1
PREVIEW-B3474A90B2E4BDD5,BLUETOOTH MOVISUN ITA 2,MOVISUN,,,,85000,5,,1
PREVIEW-2E5A74BE6E07EE55,BLUETOOTH MOVISUN ITA 3 LITE,MOVISUN,,,,85000,6,,1
PREVIEW-AB3DC8C7079EA315,BLUETOOTH MOVISUN ITA 4 LITE,MOVISUN,,,,75000,5,,1
PREVIEW-A6D0A70B693784C6,BLUETOOTH MOVISUN ITA 5 PRO,MOVISUN,,,,120000,2,,1
PREVIEW-66FB1D0299443354,BLUETOOTH MOVISUN ITA 8,MOVISUN,,,,120000,3,,1
PREVIEW-FD276447D75C640E,BLUETOOTH MOVISUN T10 MORADO,MOVISUN,,,,110000,3,,1
PREVIEW-D74135F1C2172D81,BLUETOOTH MOVISUN T10 NEGRO,MOVISUN,,,,110000,3,,1
PREVIEW-7E9444E1BF328E16,BLUETOOTH MOVISUN T110 NEGRO,MOVISUN,,,,120000,3,,1
PREVIEW-4FCDF4C2B371ECBA,BLUETOOTH MOVISUN T13 GRIS,MOVISUN,,,,95000,1,,1
PREVIEW-F3E4FC00AD10C409,BLUETOOTH MOVISUN T13 NEGRO,MOVISUN,,,,95000,2,,1
PREVIEW-AB0EAF6D01EED97B,BLUETOOTH MOVISUN T19 AZUL,MOVISUN,,,,135000,1,,1
PREVIEW-39A5C3E22987310D,BLUETOOTH MOVISUN T19 NEGRO,MOVISUN,,,,135000,2,,1
PREVIEW-8C0C9BEE33A5DA83,BLUETOOTH MOVISUN T19 ROSADO,MOVISUN,,,,135000,1,,1
PREVIEW-454AC9D62E888850,BLUETOOTH MOVISUN T19 VERDE,MOVISUN,,,,135000,1,,1
PREVIEW-2BEBED3219A147EE,BLUETOOTH MOVISUN T3 BLANCO,MOVISUN,,,,68000,3,,1
PREVIEW-BBD49904D22051B1,BLUETOOTH MOVISUN T3 NEGRO,MOVISUN,,,,68000,3,,1
PREVIEW-DF2043DF97FCD1F6,BLUETOOTH MOVISUN T3 VERDE,MOVISUN,,,,68000,3,,1
PREVIEW-5E70951708DF04B8,BLUETOOTH MOVISUN T4 BLANCO,MOVISUN,,,,68000,1,,1
PREVIEW-10BAA9DB68E3ACD8,BLUETOOTH MOVISUN T4 LILA,MOVISUN,,,,68000,1,,1
PREVIEW-CED12955BA5EEB9A,BLUETOOTH MOVISUN T4 ROSA,MOVISUN,,,,68000,2,,1
PREVIEW-B5A8648D18AC778A,BLUETOOTH MOVISUN T5 BLANCO,MOVISUN,,,,75000,2,,1
PREVIEW-AD00270E002B0865,BLUETOOTH MOVISUN T5 LILA,MOVISUN,,,,75000,1,,1
PREVIEW-2CD8F8E03829B298,BLUETOOTH MOVISUN T5 ROSA,MOVISUN,,,,75000,2,,1
PREVIEW-FFE4CD38F8E9E98C,BLUETOOTH MOVISUN T6 BLANCO,MOVISUN,,,,95000,1,,1
PREVIEW-3253098A910AC0E9,BLUETOOTH MOVISUN T6 MORADO,MOVISUN,,,,95000,1,,1
PREVIEW-35019D0852237E46,BLUETOOTH MOVISUN T6 NEGRO,MOVISUN,,,,95000,1,,1
PREVIEW-AC036FA315821C16,BLUETOOTH MOVISUN T6 ROSADO,MOVISUN,,,,95000,1,,1
PREVIEW-6A6131BE5871B04E,BLUETOOTH MOVISUN T6 VERDE,MOVISUN,,,,95000,1,,1
PREVIEW-72791265B9E4A0DF,BLUETOOTH MOVISUN TW1 BLANCO,MOVISUN,,,,85000,3,,1
PREVIEW-147FC1805E18A069,BLUETOOTH MOVISUN TW1 NEGRO,MOVISUN,,,,85000,3,,1
PREVIEW-C969F970D3FF54FB,BLUETOOTH MOVISUN W1 AZUL,MOVISUN,,,,68000,2,,1
PREVIEW-EBA018768A39DD86,BLUETOOTH MOVISUN W1 LILA,MOVISUN,,,,68000,2,,1
PREVIEW-9B6E5D732525EC4E,BLUETOOTH MOVISUN W1 NEGRO,MOVISUN,,,,68000,3,,1
PREVIEW-4AA02DD972220A78,BLUETOOTH MOVISUN W1 ROSA,MOVISUN,,,,68000,1,,1
PREVIEW-DAC9B77D6ACC8F09,BLUETOOTH REDMI BUDS 6 PLAY ROSA,XIAOMI,,,,90000,0,,1
PREVIEW-EC0B66BF4F846E67,BLUETOOTH SOUNDCORE P25I,BLUETOOTH,,,,95000,2,,1
PREVIEW-F8D448E096314D06,BLUETOOTH T5 MOVISUN NEGRO,MOVISUN,,,,68000,10,,1
PREVIEW-B3D4621539F5E73A,BLUETOOTH VIDVIE BT8002,VIDVIE,,,,105000,2,,1
PREVIEW-ADF155DE11778182,BLUETOOTH VIDVIE BT8003,VIDVIE,,,,105000,2,,1
PREVIEW-A1295E1CB7BDBD47,BLUETOOTH VIDVIE BT861,VIDVIE,,,,110000,2,,1
PREVIEW-34BD724A2B48C3CB,BLUETOOTH VIDVIE BT866,VIDVIE,,,,110000,2,,1
PREVIEW-1C7B10D9EB7666E8,BLUETOOTH VIDVIE VS W02,VIDVIE,,,,75000,3,,1
PREVIEW-11932F1F59D03349,BLUETOOTH VIDVIE VS W03,VIDVIE,,,,75000,3,,1
PREVIEW-2332DDC031019837,BLUETOOTH VIDVIE W16,VIDVIE,,,,95000,2,,1
PREVIEW-81BD59A2925FBC5B,BLUETOOTH VIDVIE W17,VIDVIE,,,,95000,2,,1
PREVIEW-FF1356F6360456A6,CABEZA EPIK 20W,EPIK,,,,35000,5,,1
PREVIEW-9989F63EAC1328BF,CABEZA IPHONE 20W,CARGADORES,,,,50000,5,,1
PREVIEW-7B3444BC09BAD992,CABEZA MOVISUN 20W IP-15,MOVISUN,,,,40000,17,,1
PREVIEW-45F99B098090402E,CABEZA ORIGINAL IPHONE 20W,CARGADORES,,,,100000,1,,1
PREVIEW-617BA98F50B921EE,CABEZA ORIGINAL IPHONE 40W,CARGADORES,,,,180000,2,,1
PREVIEW-3CB4244AD9BEEB8A,CABEZA ORIGINAL SAMSUNG 25W,CARGADORES,,,,70000,4,,1
PREVIEW-351E27993C415A39,CABEZA SAMSUNG 25W,CARGADORES,,,,40000,10,,1
PREVIEW-302C3B308CB229F9,CABEZA SAMSUNG 45W,CARGADORES,,,,50000,6,,1
PREVIEW-B36E2E97BB58F3B8,CABEZA SAMSUNG 45W 1.1,CARGADORES,,,,60000,3,,1
PREVIEW-437382CCEE53F383,CABEZA VIDVIE 20W PLM370,VIDVIE,,,,28000,17,,1
PREVIEW-2902A4E3F7FF1549,CABEZA VIDVIE 20W PLM373,VIDVIE,,,,30000,8,,1
PREVIEW-F59B4C6F0599382E,CABLE ASPOR 6A USB IPH,CABLES,,,,20000,7,,1
PREVIEW-4DE8660AC51E76D0,CABLE AUXILIAR 3.5 MOVISUN ZCA 1,MOVISUN,,,,15000,8,,1
PREVIEW-FBB5D977A79E268F,CABLE EPIK C C 100W,EPIK,,,,25000,9,,1
PREVIEW-31AB8767D14432E9,CABLE EPIK C C FLEX 100W,EPIK,,,,25000,6,,1
PREVIEW-DFAB01EB62101D96,CABLE EPIK C-C PD 20W,EPIK,,,,25000,7,,1
PREVIEW-2B7B2A9AE2C57461,CABLE EPIK TRI LINK PRO,EPIK,,,,30000,6,,1
PREVIEW-D72EC43CF84C68E4,CABLE EPIK USB-C 5A,EPIK,,,,20000,14,,1
PREVIEW-98343BDD683A48A1,CABLE HDMI 1.5,ACCESORIOS COMPUTADORES,,,,15000,0,,1
PREVIEW-D5898AF2B1DD1FD2,CABLE HDMI 1.5 METROS,INTERNET,,,,15000,1,,1
PREVIEW-4AFC28120AB372FE,CABLE HDMI 2 METROS,INTERNET,,,,25000,0,,1
PREVIEW-B0AB8B148488B7EB,CABLE HDMI 3MTS,ACCESORIOS COMPUTADORES,,,,20000,6,,1
PREVIEW-12374AEB57D1AEB2,CABLE HDMI 5 METROS,INTERNET,,,,25000,1,,1
PREVIEW-C65AE69006572CD9,CABLE HDMI 5 MTS,PENDIENTE_REVISION,,,,25000,1,,1
PREVIEW-B79BA409D865E9AB,CABLE IMPRESORA 1.5,ACCESORIOS COMPUTADORES,,,,15000,5,,1
PREVIEW-11D16AFC0E8E4D3C,CABLE INTERNET 15 MTS,CABLES,,,,38000,3,,1
PREVIEW-6930C546DA66FE55,CABLE INTERNET 3 MTS,CABLES,,,,15000,2,,1
PREVIEW-62A5051786834347,CABLE IPHONE 60W,CABLES,,,,35000,17,,1
PREVIEW-88F62452EA949233,CABLE JACK C-3.5,ACCESORIOS,,,,20000,1,,1
PREVIEW-35832CB87BFE66B1,CABLE MOVISUN C-C 2 METROS IC-15,MOVISUN,,,,25000,10,,1
PREVIEW-CF469B33469A2929,CABLE MOVISUN C-C 240W,MOVISUN,,,,35000,8,,1
PREVIEW-4313FB904E94FA04,CABLE MOVISUN C-C 3.5 Z26,MOVISUN,,,,12000,14,,1
PREVIEW-F61A9F87CB0C4FF8,CABLE MOVISUN C-C 60W Z36,MOVISUN,,,,20000,14,,1
PREVIEW-C8A7AB879DA0E741,CABLE MOVISUN C-C 60W Z46,MOVISUN,,,,25000,10,,1
PREVIEW-6E179D4863838702,CABLE MOVISUN C-C 67W Z66,MOVISUN,,,,30000,9,,1
PREVIEW-49EC7543E0DD48F4,CABLE MOVISUN C-C IC-15,MOVISUN,,,,20000,8,,1
PREVIEW-90CF8FBCF026CC95,CABLE MOVISUN C-IP 27W Z48,MOVISUN,,,,25000,14,,1
PREVIEW-196179D8577A5B67,CABLE MOVISUN C-IPH 2 METROS IC-10,MOVISUN,,,,25000,5,,1
PREVIEW-7DC553233B91E1EA,CABLE MOVISUN C-IPH IC-10,MOVISUN,,,,20000,26,,1
PREVIEW-71CA21FD54A2E30B,CABLE MOVISUN C-IPH Z38,MOVISUN,,,,20000,12,,1
PREVIEW-2B72B566806FEBAA,CABLE MOVISUN USB A C Z42,MOVISUN,,,,20000,9,,1
PREVIEW-F5F96B6E79C72B41,CABLE MOVISUN USB C Z32,MOVISUN,,,,15000,15,,1
PREVIEW-50B82E3505A1F31C,CABLE MOVISUN USB-C 120W ZK-15,MOVISUN,,,,30000,6,,1
PREVIEW-483F1387C807C19D,CABLE MOVISUN USB-C 2 METROS Z202,MOVISUN,,,,20000,7,,1
PREVIEW-D3AA4B8ACB49B441,CABLE MOVISUN USB-C Z62,MOVISUN,,,,25000,9,,1
PREVIEW-374C59AE28386E44,CABLE MOVISUN V8 Z20,MOVISUN,,,,12000,9,,1
PREVIEW-B3EA7CA515B1718F,CABLE ORIGINAL IPHONE C-C,CABLES,,,,70000,3,,1
PREVIEW-8EC7A360EFFACEFE,CABLE ORIGINAL IPHONE C-LIGHTNING,CABLES,,,,70000,11,,1
PREVIEW-711BF9EAF33F60C4,CABLE USB C 6A DATA 801,CABLES,,,,20000,2,,1
PREVIEW-2E6B3AE8A96549B6,CABLE VGA 1.5,INTERNET,,,,20000,0,,1
PREVIEW-58E0F68EC70FD580,CABLE VIDVIE 60W 2MTS 4038,VIDVIE,,,,30000,6,,1
PREVIEW-82B20ADA0920D969,CABLE VIDVIE C-C 100W B4013,VIDVIE,,,,30000,10,,1
PREVIEW-1865BE45E70CEE88,CABLE VIDVIE C-C 60W 4031 BL,VIDVIE,,,,25000,8,,1
PREVIEW-0CC2AA32E30E1190,CABLE VIDVIE C-C 60W 4031 N,VIDVIE,,,,25000,2,,1
PREVIEW-FAC24C764291C601,CABLE VIDVIE C-C 60W B04T,VIDVIE,,,,25000,12,,1
PREVIEW-D5302E29BEA6F07A,CABLE VIDVIE C-C 60W B08,VIDVIE,,,,25000,8,,1
PREVIEW-A5A7089CC9812BA9,CABLE VIDVIE C-C B09,VIDVIE,,,,25000,9,,1
PREVIEW-78E66B164DFE3203,CABLE VIDVIE C-IP 30W 4031,VIDVIE,,,,25000,8,,1
PREVIEW-F9629F3F7F7CEE8A,CABLE VIDVIE C-IP 30W CB4013,VIDVIE,,,,30000,6,,1
,CABLE VIDVIE USB C 4024T,VIDVIE,,,,30000,2,,1
,CABLE VIDVIE USB-C 4024T,VIDVIE,,,,30000,1,,1
PREVIEW-F9EB3B7D28FCF7B7,CABLE VIDVIE USB-C B03T,VIDVIE,,,,20000,10,,1
PREVIEW-223F06EB36E6F4D3,CABLE VIDVIE USB-C BT10,VIDVIE,,,,20000,9,,1
PREVIEW-2029D258C9011A20,CABLE VIDVIE USB-IP B11,VIDVIE,,,,20000,8,,1
PREVIEW-875ED7975402033E,CABLE VIDVIE USB-V8,VIDVIE,,,,15000,8,,1
PREVIEW-3487F0C469B0E30C,CAMARA EPIK PIXIO,EPIK,,,,120000,6,,1
PREVIEW-1148C00ADDB7ECC9,CAMARA WEB 1080 CAJA CAFE,ACCESORIOS,,,,75000,4,,1
PREVIEW-27BF709869258A04,CAR CARRO VIDVIE 20W C522,VIDVIE,,,,55000,0,,1
PREVIEW-44A815E2190FAE43,CAR CARRO VIDVIE 30W C04,VIDVIE,,,,38000,0,,1
PREVIEW-C82D1F6148BFAA5D,CAR CARRO VIDVIE 30W C531,VIDVIE,,,,55000,0,,1
PREVIEW-BA624A1C11CB40ED,CAR CARRO VIDVIE USB-IP 528,VIDVIE,,,,20000,4,,1
PREVIEW-D822CC4205DAC18B,CARGADOR ASPOR  C A IPH,CARGADORES,,,,50000,4,,1
PREVIEW-223B9209E4C60E42,CARGADOR CARRO EPIK FMOTION,EPIK,,,,45000,3,,1
PREVIEW-FF64ED0568C63E4F,CARGADOR CARRO MOVISUN C-C 25W CM-20,MOVISUN,,,,48000,5,,1
PREVIEW-E9ED95011D9171CD,CARGADOR EPIK 20 C A C,EPIK,,,,40000,3,,1
PREVIEW-07397610F50B9656,CARGADOR EPIK 20W C A LIGHTIHING,EPIK,,,,40000,12,,1
PREVIEW-C717C254F1A901EF,CARGADOR EPIK C C 45W,EPIK,,,,95000,3,,1
PREVIEW-3646EB63CDE6F707,CARGADOR MAGNETIC VIDVIE 3W C1411,VIDVIE,,,,45000,1,,1
PREVIEW-26583BF78EFA567A,CARGADOR MOVISUN C-C 25W MPD88,MOVISUN,,,,50000,12,,1
PREVIEW-2C69CDCEED70F7FB,CARGADOR MOVISUN C-C 33W M-33UC,MOVISUN,,,,65000,6,,1
PREVIEW-C3A5B19DA9AE4FE5,CARGADOR MOVISUN C-C 35W MPD35,MOVISUN,,,,65000,5,,1
PREVIEW-924A2C48008CE071,CARGADOR MOVISUN C-C MIP-60 60W,MOVISUN,,,,85000,5,,1
PREVIEW-9213153EF6466B11,CARGADOR MOVISUN C-C MS 45C,MOVISUN,,,,75000,5,,1
PREVIEW-1FD99B160D5EA08E,CARGADOR MOVISUN C-C MS-25C 25W,MOVISUN,,,,55000,7,,1
PREVIEW-4FA1938FF494F0A0,CARGADOR MOVISUN C-LIGHTNING,MOVISUN,,,,50000,7,,1
PREVIEW-B8969D0A29EF78FC,CARGADOR MOVISUN M-67U 67W,MOVISUN,,,,85000,3,,1
PREVIEW-20B43FCA6489EF1E,CARGADOR MOVISUN USB-C,MOVISUN,,,,35000,10,,1
PREVIEW-199F80EA7104273D,CARGADOR MOVISUN USB-C 2.4 MC-50,MOVISUN,,,,25000,7,,1
PREVIEW-B779E3BFFAC471A3,CARGADOR MOVISUN USB-IPH 2.4 MC-50,PENDIENTE_REVISION,,,,25000,10,,1
PREVIEW-7849829D6A84F8D8,CARGADOR ORIGINAL UGREEN NEGRO,CARGADORES,,,,130000,0,,1
PREVIEW-A9F6F4DA08A78A6F,CARGADOR ORIGINAL UGREEN VERDE,CARGADORES,,,,130000,2,,1
PREVIEW-21521B15913FD9AF,CARGADOR PILA RECARGABLE,ACCESORIOS,,,,70000,2,,1
PREVIEW-B4260A5D986FAC95,CARGADOR SMART,CARGADORES,,,,30000,1,,1
PREVIEW-C91F64F434CED8F3,CARGADOR SMART WATCH,CARGADORES,,,,35000,1,,1
PREVIEW-E64841C1D7AB8941,CARGADOR SMART WATCH ORIGINAL,ACCESORIOS,,,,70000,1,,1
PREVIEW-EF7175AB81190FB2,CARGADOR VIDV C-C PL382,VIDVIE,,,,55000,4,,1
PREVIEW-0E2782D4825E1C4F,CARGADOR VIDVIE 280W,VIDVIE,,,,160000,2,,1
PREVIEW-6BE8E86BC7FC985F,CARGADOR VIDVIE C C CORE 35W,EPIK,,,,75000,4,,1
PREVIEW-2FE75F986DD2CE1F,CARGADOR VIDVIE C-C 30W A16,VIDVIE,,,,55000,5,,1
PREVIEW-94F060F523205E70,CARGADOR VIDVIE C-C 60W PLM388,VIDVIE,,,,98000,2,,1
PREVIEW-43C1DDFAA731BBBE,CARGADOR VIDVIE C-IP 30W A16,VIDVIE,,,,55000,5,,1
PREVIEW-AA594769B1E847E8,CARGADOR XIAOMI 120W,XIAOMI,,,,150000,1,,1
PREVIEW-8E6178ACF7D3E276,COMBO TECLADO F92,JEDEL,,,,85000,1,,1
PREVIEW-16BEEBAE452E3D1B,COMBO TECLADO JEDEL G10,JEDEL,,,,45000,3,,1
PREVIEW-3F9300F4F4AC8DEF,COMBO TECLADO JEDEL WS732,JEDEL,,,,85000,1,,1
PREVIEW-68F7EB228D5D1950,COMBO TECLADO JEDEL WS737,JEDEL,,,,120000,2,,1
PREVIEW-5B8A72E6F954393E,COMBO TECLADO JEDEL WS739,JEDEL,,,,120000,1,,1
PREVIEW-A7D25138ED0622D7,COMBO TECLADO JEDEL WS750,JEDEL,,,,110000,0,,1
PREVIEW-AA6522FC510E4D1E,COMBO TECLADO K06,JEDEL,,,,65000,0,,1
PREVIEW-1457F145180F57E5,COMBO TECLADO WEIBO WB-218B,TECLADOS,,,,155000,0,,1
PREVIEW-5F87BC69B6B229B7,CONTROL EPIK ELITE,CONTROLES,,,,150000,1,,1
PREVIEW-56A58A946C154361,CONTROL PLAY 5 NEGRO,CONTROLES,,,CONTROL PLAY 5 ORIGINAL,320000,1,,1
PREVIEW-FFCF1286D99CFD4F,CONTROL SCORPIO VSG,CONTROLES,,,,85000,1,,1
PREVIEW-71FFD89154722429,CONTROL SONY PS3,CONTROLES,,,,75000,2,,1
PREVIEW-322C77A55817D18C,CONTROL X3,CONTROLES,,,,75000,1,,1
PREVIEW-86128F78F435E084,CONTROL XBOX,CONTROLES,,,CONTROL XBOX SERIES,320000,1,,1
PREVIEW-6A7698585C2F0EDA,CONTROL XBOX 360 BLANCO,CONTROLES,,,,75000,1,,1
PREVIEW-E23446FDD6B47DB7,CONTROL XBOX 360 NEGRO,CONTROLES,,,,75000,1,,1
PREVIEW-D3256DFD613B3C63,CUELLERA BLUETOOTH EPIK NECK BAND,EPIK,,,,95000,1,,1
PREVIEW-6AE8BAB8DCD78388,CUELLERA BLUETOOTH EPIK SPORT BONDS,EPIK,,,,105000,2,,1
PREVIEW-C979E45DCD34A371,CUELLERA BLUETOOTH MOVISUN S8,MOVISUN,,,,85000,5,,1
PREVIEW-6B6EB87452D74176,CUELLERA MOVISUN OSOM LITE,MOVISUN,,,,125000,0,,1
PREVIEW-D5B83E4147A861EF,DIADEMA EPIK HEADSET LYRA,EPIK,,,,85000,4,,1
PREVIEW-64A06F0F2B802E75,DIADEMA FANTECH HG22 FUSION,EPIK,,,,200000,1,,1
PREVIEW-4E019F1EE6399698,DIADEMA GAMER JEDEL GH269,JEDEL,,,,120000,1,,1
PREVIEW-6A01DA2442FBB1AA,DIADEMA GAMER JEDEL GH559,JEDEL,,,,120000,1,,1
PREVIEW-D5B50C2E515F8225,DIADEMA GAMER JEDEL GH560,JEDEL,,,,165000,1,,1
PREVIEW-7E6A742260BE59E0,DIADEMA GAMER JEDEL GH562,JEDEL,,,,165000,1,,1
PREVIEW-F280707CDF54FC13,DIADEMA GAMER JEDEL GH563,JEDEL,,,,120000,1,,1
PREVIEW-067AE60F50353C8E,DIADEMA GAMER MOVISUN KG 300,MOVISUN,,,,175000,1,,1
PREVIEW-8E3D4F6D2B597090,DIADEMA GAMER MOVISUN KG-100,MOVISUN,,,,120000,5,,1
PREVIEW-4AF211B98829F901,DIADEMA GAMER ONIKUMA B100,JEDEL,,,,110000,1,,1
PREVIEW-8F520A9658424F4F,DIADEMA GAMER ONIKUMA B90,JEDEL,,,,95000,0,,1
PREVIEW-B56447C890A4A878,DIADEMA GAMER RGB G606,JEDEL,,,,95000,1,,1
PREVIEW-B18E3F239E8B66E9,DIADEMA JBL 530BT,JBL,,,,185000,0,,1
PREVIEW-F742213805CAF11F,DIADEMA JBL TUNE 730BT,JBL,,,,220000,0,,1
PREVIEW-63C63A45767245B0,DIADEMA JEDEL GAMER GH580,JEDEL,,,,165000,1,,1
PREVIEW-EEDF07B3DE63FA3B,DIADEMA MOVISUN K20 AZUL,MOVISUN,,,,120000,4,,1
PREVIEW-75C076E9F6716E62,DIADEMA MOVISUN K20 NEGRO,MOVISUN,,,,120000,4,,1
PREVIEW-8722F42E8547FBBC,DIADEMA MOVISUN K20 VERDE,MOVISUN,,,,120000,4,,1
PREVIEW-A5F8A4050F021962,DIADEMA MOVISUN K22 AZUL,MOVISUN,,,,135000,1,,1
PREVIEW-372D0A3F6A89CD31,DIADEMA MOVISUN K22 GRIS,MOVISUN,,,,135000,1,,1
PREVIEW-9BDAEFF6E9AF3095,DIADEMA MOVISUN K60 AZUL,MOVISUN,,,,155000,1,,1
PREVIEW-7A923750118C92B8,DIADEMA MOVISUN K60 NEGRO,MOVISUN,,,,155000,1,,1
PREVIEW-931839B4F30159AC,DIADEMA MOVISUN K60 PLATA,MOVISUN,,,,155000,1,,1
PREVIEW-0CD5206210D4FE3D,DIADEMA MOVISUN K80,MOVISUN,,,,175000,2,,1
PREVIEW-9D2FB4F31C159E10,DIADEMA SONY,DIADEMAS,,,,95000,2,,1
PREVIEW-096B5AE06824938F,DIADEMA SONY WH CH520,DIADEMAS,,,,195000,0,,1
PREVIEW-B102D60772CFEC0B,DIADEMA VIDVIE BBH2109,VIDVIE,,,,150000,1,,1
PREVIEW-AE4154D7EE76E05D,DIADEMA VIDVIE BBH2111,VIDVIE,,,,155000,1,,1
PREVIEW-1B8CACC1CA843288,DIADEMA VIDVIE BBH2114,VIDVIE,,,,185000,1,,1
PREVIEW-46B7B45B89EA7A7E,DIADEMA VIDVIE QW16,VIDVIE,,,,110000,2,,1
PREVIEW-242C94C1CF44A11E,DIADEMAR GAMER QUANTUM JBL 100P,JBL,,,,240000,0,,1
PREVIEW-1F070F376B7AB3BC,DISCO EXTRAIBLE 1 TERA,DISCOS,,,,280000,1,,1
PREVIEW-A6C7BF39FDAA8DC1,ECHO DOT AMAZON,ACCESORIOS,,,,260000,1,,1
PREVIEW-814D0C7AFE83F9A5,ESTUCHE AIRPODS,FORROS,,,,20000,15,,1
PREVIEW-B82028CA74C157C1,ESTUCHE DISENO AIRPODS,FORROS,,,,25000,47,,1
PREVIEW-6C76A1BE902A1BE8,ESTUCHE DISEÑO CARGADOR APPLE,FORROS,,,,25000,10,,1
PREVIEW-8AC45714475EED3B,ESTUCHE EPIK AIRPODS,EPIK,,,,25000,16,,1
PREVIEW-89B5E03947B65420,"ESTUCHE EPIK LAPTOP 13""",EPIK,,,,65000,3,,1
PREVIEW-7A8A42E4462EE19A,"ESTUCHE EPIK LAPTOP 14""",EPIK,,,,65000,3,,1
PREVIEW-4B8AC10BFEA28238,ESTUCHE EPIK MACBOOK AIR 15,EPIK,,,,55000,1,,1
PREVIEW-4C4F7FF8ABC84267,ESTUCHE EPIK MACBOOK AIR14.6,EPIK,,,,55000,1,,1
PREVIEW-09045C8F1224FB3D,ESTUCHE EPIK MACBOOK NEW PRO 13,EPIK,,,,55000,1,,1
PREVIEW-F8276F27210EF313,ESTUCHE EPIK MACBOOK PRO 14.2,EPIK,,,,55000,1,,1
PREVIEW-67EDB9DF7209BB3E,ESTUCHE EPIK MACBOOK PRO 16.2,EPIK,,,,55000,1,,1
PREVIEW-2645E5CF0DF62A0E,FORRO FINO Y MAGFACE,FORROS,,,,38000,601,,1
PREVIEW-0B68CAB4EE305553,FORRO GEAR,FORROS,,,,40000,66,,1
PREVIEW-83559B65676E9CE3,FUNDA EPIK LAPTOP,EPIK,,,,35000,3,,1
PREVIEW-B2C474E17B9F2081,"FUNDA EPIK LIGHT 10""",EPIK,,,,25000,3,,1
PREVIEW-4EE6DAF2B3054464,G TIDE ELEGANCE,GTIDE,,,,295000,1,,1
PREVIEW-CB0F4ED30F4792A7,G TIDE POWER,GTIDE,,,,260000,0,,1
PREVIEW-E56EB11E11A731EE,G TIDE Q1 NEGRO,GTIDE,,,,175000,1,,1
PREVIEW-943CF616DF38C400,G TIDE Q1 ROSA,GTIDE,,,,175000,1,,1
PREVIEW-5489ECD7B8B56203,G TIDE R1 CLASSIC,GTIDE,,,,265000,1,,1
PREVIEW-0401C08385AAFD2E,G TIDE R2 PRO DORADO,GTIDE,,,,295000,1,,1
PREVIEW-4DBEC892E48A2BA4,G TIDE R3 NEGRO,GTIDE,,,,195000,1,,1
PREVIEW-7FFE5D40A57581FC,G TIDE R3 ROSA,GTIDE,,,,195000,1,,1
PREVIEW-F497678E05B1456E,G TIDE R5 NEGRO,GTIDE,,,,195000,0,,1
PREVIEW-A11D6BFF64DE9FEE,G TIDE R5 ROJO,GTIDE,,,,195000,1,,1
PREVIEW-9DD8BC831CAD76E7,G TIDE R6 PRO,GTIDE,,,,280000,0,,1
PREVIEW-4730360948F7B566,G TIDE R8 PRO,GTIDE,,,,295000,1,,1
PREVIEW-2EC2272CCC649A2F,G TIDE ROMANCE,GTIDE,,,,295000,0,,1
PREVIEW-2E8E548C2BDA55D4,GALAXY BUDS FE,ACCESORIOS,,,,350000,1,,1
PREVIEW-4CADCEB00C9991AC,HIDRO ANTIESPIA,HIDROGEL,,,,30000,4,,1
PREVIEW-1CE132099A4659E6,HIDRO BRILLANTE,HIDROGEL,,,,20000,22,,1
PREVIEW-76E3DFABD6DAC904,HIDRO DISEÑO,HIDROGEL,,,,25000,53,,1
PREVIEW-56F583CC3465F0E1,HIDRO ESPEJO Y PURPURA,HIDROGEL,,,,25000,16,,1
PREVIEW-7D7A9FCBF3A59C5F,HIDRO MATE,HIDROGEL,,,,25000,21,,1
PREVIEW-30292B780C153B07,HIDRO PORTATILES,HIDROGEL,,,,40000,7,,1
PREVIEW-6D67FC08EE33FE00,HOLDEL EPIK BIKE,EPIK,,,,45000,2,,1
PREVIEW-878A9037E7AC6F19,HOLDER  BICICLETA EPIK MOVI,EPIK,,,,130000,2,,1
PREVIEW-A07FEFED5D1DA556,HOLDER CARRO EPIK ACRYLIC,EPIK,,,,45000,3,,1
PREVIEW-25772E0582A91FC2,HOLDER CARRO EPIK FIX,EPIK,,,,35000,6,,1
PREVIEW-86272BAC528B31B2,HOLDER CARRO EPIK NEO,EPIK,,,,165000,0,,1
PREVIEW-4C2DE12D27E5C5AF,HOLDER CARRO VIDVIE HC1522,VIDVIE,,,,55000,3,,1
PREVIEW-8D7E417CC36B5E1D,HOLDER EPIK OPTIMUN,PENDIENTE_REVISION,,,,55000,3,,1
PREVIEW-BFECA0C7D6EFBF6F,HUAWEI WATCH FIT 3,XIAOMI,,,,390000,1,,1
PREVIEW-C6344E0BB6B4457C,HUB 4 PUERTOS,ACCESORIOS COMPUTADORES,,,,28000,28,,1
PREVIEW-49BCD1E4AE8E96D0,HUB TECLOP 8 EN 1,INTERNET,,,,85000,0,,1
PREVIEW-5050B4073FF1C32D,HUB TIPO C 8 EN 1 CAJA AMARILLA,ACCESORIOS,,,,95000,1,,1
PREVIEW-367354CDD2179690,INFINIX NOTE 50 PRO 256GB 8+8RAM,CELULARES,,,,1150000,1,,1
PREVIEW-1E894CDFA38759AE,INFINIX SMART 20 128GB 4+4 RAM,CELULARES,,,,490000,0,,1
PREVIEW-1EADB727D14F6E6D,INTERCOMUNICADOR DUAL MOVISUN KY-680,MOVISUN,,,,185000,1,,1
PREVIEW-FEEBCEE99A12E433,INTERCOMUNICADOR MOVISUN KY- 680,MOVISUN,,,,155000,2,,1
PREVIEW-60896ACA296C1A2D,IPHONE 13 128GB AZUL BT 77%,CELULARES,,,,1450000,0,,1
PREVIEW-2D7B4DC044BA71B2,IPHONE 13 128GB BLANCO BT 78%,CELULARES,,,,1450000,0,,1
PREVIEW-6326DF180C48A709,IPHONE 13 PRO 125GB PLATA BT 82%,CELULARES,,,,1980000,1,,1
PREVIEW-ACBB60AD908E1EB3,IPHONE 13 PRO 256GB BLANCO BT 74%,CELULARES,,,,2200000,1,,1
PREVIEW-CCF0F18A7B677495,IPHONE 13 PRO 256GB PLATA BT 76%,CELULARES,,,,2200000,1,,1
PREVIEW-2E250F7013A80DE2,IPHONE 13PRO DORADO 128GB BT 77,CELULARES,,,,1980000,1,,1
PREVIEW-34CD8041A55C21A7,KALLEY BLACK1,CELULARES,,,,390000,0,,1
PREVIEW-5A6278C2D68AE5DC,LECTOR DE MEMORIAS 5 EN 1,ACCESORIOS COMPUTADORES,,,,15000,1,,1
PREVIEW-3D7AB10AA4B5A1A3,MANOS LIBRE MOVISUN TIPO C B1 LILA,MOVISUN,,,,28000,2,,1
PREVIEW-2722243DF55D69AE,MANOS LIBRES CHACHA B1 BLANCO,MOVISUN,,,,25000,2,,1
PREVIEW-3ACE47BA11D0F46B,MANOS LIBRES CHACHA B1 NEGRO,MOVISUN,,,,25000,2,,1
PREVIEW-21FD38479904DF4E,MANOS LIBRES CHACHA B6 NEGRO,MOVISUN,,,,25000,8,,1
PREVIEW-6B61457C1C387004,MANOS LIBRES CHACHA B6 TIPO C NEGRO,MOVISUN,,,,28000,6,,1
PREVIEW-535ABF0ED9B22EAC,MANOS LIBRES JBL TIPO C TUNE 310C,JBL,,,,75000,3,,1
PREVIEW-85F7E4B420507068,MANOS LIBRES MOVISUN CHACHA B1 ROSADO,MOVISUN,,,,25000,2,,1
PREVIEW-1E3276804E38DBB3,MANOS LIBRES MOVISUN CHACHA B1 VERDE,MOVISUN,,,,25000,2,,1
PREVIEW-2E05A0EC3601BCC7,MANOS LIBRES MOVISUN CHACHA B5 BLANCO,MOVISUN,,,,25000,5,,1
PREVIEW-6F56617B4D313DDD,MANOS LIBRES MOVISUN CHACHA B5 NEGRO,MOVISUN,,,,25000,5,,1
PREVIEW-EF775D1378C831F1,MANOS LIBRES MOVISUN CHACHA X20 TIPOC,MOVISUN,,,,120000,1,,1
PREVIEW-04179A45CC0E4011,MANOS LIBRES MOVISUN IPH IM-7 BLANCO,MOVISUN,,,,38000,3,,1
PREVIEW-F6763209659A9EFB,MANOS LIBRES MOVISUN IPH IM-7 NEGRO,MOVISUN,,,,38000,3,,1
PREVIEW-5D025E14D0A21F56,MANOS LIBRES MOVISUN TIPO C B1,MOVISUN,,,,28000,1,,1
PREVIEW-1E633250E9E86142,MANOS LIBRES MOVISUN TIPO C B1 BLANCO,MOVISUN,,,,28000,2,,1
PREVIEW-A6F833B99E8FCCCA,MANOS LIBRES MOVISUN TIPO C B1 NEGRO,MOVISUN,,,,28000,2,,1
PREVIEW-3E458D487934C815,MANOS LIBRES MOVISUN TIPO C B5,MOVISUN,,,,28000,9,,1
PREVIEW-C01BB14C1D23F32D,MANOS LIBRES MOVISUN TIPO C IM-9 BLANCO,MOVISUN,,,,45000,4,,1
PREVIEW-AA2E2BA66A653DAB,MANOS LIBRES MOVISUN TIPO C IM9,MOVISUN,,,,45000,5,,1
PREVIEW-B65030835F08BBD7,MAQUINA AFEITAR VIDV HT01,VIDVIE,,,,95000,1,,1
PREVIEW-C89805D32CF565D4,MAQUINA AFEITAR VIDVIE 3EN1,VIDVIE,,,,105000,0,,1
PREVIEW-A07525B988D7C5AA,MICRO 128GB KINGSTON,MEMORIAS,,,,95000,1,,1
PREVIEW-A20C2CC6349DBDAF,MICRO 16GB KINGSTON,MEMORIAS,,,,25000,2,,1
PREVIEW-B44143C33745BFBE,MICRO 256GB SANDISK,MEMORIAS,,,,220000,1,,1
PREVIEW-9B899902D840CE1B,MICRO 64GB KINGSTON,MEMORIAS,,,,85000,6,,1
PREVIEW-365F09511167F3A7,MICRO SD 16GB VERDE,MEMORIAS,,,,35000,2,,1
PREVIEW-E3BDCC3171C4170D,MICRO SD 32GB KINGSTON,MEMORIAS,,,,32000,1,,1
PREVIEW-9CC5CF31D398618D,MICRO SD 8GB,MEMORIAS,,,,20000,4,,1
PREVIEW-036F28AFD9B5CBC8,MICRO SD 8GB VERDE,MEMORIAS,,,,25000,2,,1
PREVIEW-9DE9D929842958AA,MICROFONO EPIK VOXPRO X1,EPIK,,,,280000,3,,1
PREVIEW-6C351FDE09121E9D,MICROFONO F11-F15,JEDEL,,,,95000,3,,1
PREVIEW-1BDEC22F4F7E0E21,MOLTIPUERTO 7 10/100 MB,ACCESORIOS,,,,55000,1,,1
PREVIEW-A9C191A5E338ECAE,MOTO BUDS,ACCESORIOS,,,,240000,1,,1
PREVIEW-A65FB91C23494DAB,MOTO G06 256/4B VERDE,CELULARES,,,,630000,1,,1
PREVIEW-6D196CE2DDCF5E16,MOTOROLA EDGE 50 FUSION 256/8RAM,CELULARES,,,,990000,0,,1
PREVIEW-6A6D3A509F64DD6E,MOUSE BAJEAL RGB  M500,MOUSE,,,,58000,2,,1
PREVIEW-B0D3818A6AAC7429,MOUSE EPIK GO CLICK,EPIK,,,,85000,3,,1
PREVIEW-9CAE569762B37E86,MOUSE EPIK PIXEL GLOW,EPIK,,,,95000,4,,1
PREVIEW-0471BA6A92955FC4,MOUSE EPIK TITAN PULSE,EPIK,,,,45000,6,,1
PREVIEW-1AE95D5CD00A9B31,MOUSE ERGONOMICO,JEDEL,,,,45000,1,,1
PREVIEW-36FD7F983AEF2835,MOUSE ERGONOMICO CABLE OPTICAL,MOUSE,,,,45000,1,,1
PREVIEW-851EA86AC055CCB9,MOUSE ERGONOMICO JEDEL W925,JEDEL,,,,65000,1,,1
PREVIEW-968F65223CA11085,MOUSE ERGONOMICO OPTICAL TC,MOUSE,,,,55000,0,,1
PREVIEW-D7ED696D8604C453,MOUSE ERGONOMICO YELANDAR,MOUSE,,,,65000,0,,1
PREVIEW-BDB1C868EA9960AA,MOUSE GAMER GEDEL GWH 101,JEDEL,,,,130000,0,,1
PREVIEW-6443C3AB56D69022,MOUSE GAMER JEDEL GM1320,JEDEL,,,,95000,2,,1
PREVIEW-5BC4B62096AA5114,MOUSE GAMER JEDEL GM1390,JEDEL,,,,110000,10,,1
PREVIEW-6FDE79F1641E463C,MOUSE GAMER JEDEL GWH-111,JEDEL,,,,150000,2,,1
PREVIEW-28DD1E6D8620A613,MOUSE GAMER JEDEL GWH108,JEDEL,,,,110000,2,,1
PREVIEW-9406AC1D3D96D33B,MOUSE GAMER JEDEL M66,JEDEL,,,,28000,6,,1
PREVIEW-F31C4537B794F8D1,MOUSE GAMER JEDEL RC980,JEDEL,,,,55000,1,,1
PREVIEW-88D4C5F2D8C62B8E,MOUSE GAMER JEDEL WD140,JEDEL,,,,85000,1,,1
PREVIEW-585C26CD095B45E2,MOUSE GENIUS DX150,MOUSE,,,,35000,1,,1
PREVIEW-AF44315DDFD49E2A,MOUSE JEDEL 230 -CP87,JEDEL,,,,22000,4,,1
PREVIEW-1772E66B11F3BDC1,MOUSE JEDEL CP74,JEDEL,,,,22000,2,,1
PREVIEW-68D6DB55F8DA45A7,MOUSE MAXELL 101,MOUSE,,,,28000,2,,1
PREVIEW-36F7C20501849ECE,MOUSE MAXELL ALAMBRICO 100,MOUSE,,,,38000,2,,1
PREVIEW-AC927CD07D61B591,MOUSE MODEL 5084A,MOUSE,,,,38000,1,,1
PREVIEW-92B9D7E7B3F474DA,MOUSE MOFII M3,MOUSE,,,,55000,1,,1
PREVIEW-4B7EB5FC1D256211,MOUSE MOFII M3 ROSA,MOUSE,,,,55000,1,,1
PREVIEW-1BEE576431C0C984,MOUSE VIDVIE KB07,VIDVIE,,,,85000,2,,1
PREVIEW-F091370C5F74EB18,MULTIPUERTO 10/100MB,ACCESORIOS,,,,45000,1,,1
PREVIEW-34734EF148467BB7,OTG VIDVIE USB-C 1129,VIDVIE,,,,28000,5,,1
PREVIEW-38B2A51F627BA8FD,PAD MOUSE EPIK DISENO,EPIK,,,,48000,6,,1
PREVIEW-5B962020CBE4B592,PAD MOUSE EPIK ERGO 2,EPIK,,,,28000,4,,1
PREVIEW-D1E41203E544C919,PALO SELFIE PLOKAMA,ACCESORIOS,,,,55000,1,,1
PREVIEW-2DD173C8ABBED9AA,PARLANTE CANGREJO,JEDEL,,,,160000,0,,1
PREVIEW-9542D4B7B44046ED,PARLANTE EPIK VIBE BT,EPIK,,,,95000,2,,1
PREVIEW-14A7FBB610C3EF36,PARLANTE EPIK VIBE MINI,EPIK,,,,95000,2,,1
PREVIEW-644F5080537347FD,PARLANTE JBL CLIP5,JBL,,,,220000,4,,1
PREVIEW-2BACED610EDEE7FD,PARLANTE JBL ESSENTIAL2,JBL,,,,980000,1,,1
PREVIEW-971B6A5AC6DE6F0C,PARLANTE JBL FLIP 7,JBL,,,,410000,1,,1
PREVIEW-1ECA5CC8917490A9,PARLANTE JEDEL S527,JEDEL,,,,45000,1,,1
PREVIEW-68D193A587970372,PARLANTE MOVISUN ARKO 70W,MOVISUN,,,,285000,1,,1
PREVIEW-EAE45D2DC055E4B6,PARLANTE MOVISUN BOMB,MOVISUN,,,,95000,4,,1
PREVIEW-EA63F642F416398D,PARLANTE MOVISUN CANNON MAX,MOVISUN,,,,125000,1,,1
PREVIEW-C583DF79A94F48A0,PARLANTE MOVISUN DISKO,BLUETOOTH,,,"Parlante negro transparente portatil con asa, forma cilindrica",175000,1,,1
PREVIEW-B23D4502B95E5D81,PARLANTE MOVISUN EGG NEO +,MOVISUN,,,,68000,7,,1
PREVIEW-E8D983BAD9824579,PARLANTE MOVISUN FLAG,BLUETOOTH,,,"Parlante negro rectangular con luces LED rojas, plastico y malla",175000,1,,1
PREVIEW-A77E03C670EEA8AC,PARLANTE MOVISUN GLU,MOVISUN,,,,85000,4,,1
PREVIEW-46524B0A969EA8C5,PARLANTE MOVISUN TEMPLE,MOVISUN,,,,155000,0,,1
PREVIEW-ECA3A14D2D6F56AD,PARLANTE MOVISUN TOWER,BLUETOOTH,,,Parlante negro cilíndrico con rejilla lateral y botones frontales,155000,0,,1
PREVIEW-6EAC169201381511,PARLANTE ONIKUMA RGB L2,JEDEL,,,,95000,1,,1
PREVIEW-10DE41FB4CE3F558,PARLANTE RGB E1046,JEDEL,,,,45000,1,,1
PREVIEW-0572AABF437B7A71,PARLANTE RGB E1080,JEDEL,,,,95000,1,,1
PREVIEW-D46C639A64441105,PARLANTE RGB JEDEL S526,JEDEL,,,,45000,1,,1
PREVIEW-1AFBBA74127B21BE,PARLANTE RGB JEDEL S550,JEDEL,,,,95000,1,,1
PREVIEW-8CB0184A3FCD9E81,PARLANTE RGB JEDEL S554,JEDEL,,,,45000,1,,1
PREVIEW-D276B932A537F9A2,PARLANTE RGB JEDEL S558,JEDEL,,,,95000,1,,1
PREVIEW-CE2FC885EE470461,PARLANTE RGB JEDEL S576,JEDEL,,,,45000,1,,1
PREVIEW-C4AC5D602FB8E4A9,PARLANTE RGB K2039,JEDEL,,,,45000,1,,1
PREVIEW-5C1004D97D5C85BE,PARLANTE RGB ONIKUMA L6,JEDEL,,,,95000,1,,1
PREVIEW-F5EE261FD4B95358,PARLANTE VIDVIE 16W S01,VIDVIE,,,,120000,2,,1
PREVIEW-F05C65A25971DAD1,POWER BAN MOVISUN ROCKET P21,MOVISUN,,,,125000,1,,1
PREVIEW-8D7911BACFA134DF,POWER BAN XIAOMI 165W,XIAOMI,,,,250000,1,,1
PREVIEW-990E2F08C143D6BB,POWER BAND MOVISUN 22.5W I 1010,MOVISUN,,,,145000,0,,1
PREVIEW-FE9590D85AB843E5,POWER BAND MOVISUN 22.5W I 1030,MOVISUN,,,,135000,0,,1
PREVIEW-B8F089C797B711B1,POWER BAND MOVISUN I 2030,MOVISUN,,,,155000,1,,1
PREVIEW-5AC4B01314F1FD46,POWER BAND MOVISUN I500,MOVISUN,,,,75000,3,,1
PREVIEW-C84753D07CD0AE52,POWER BAND MOVISUN ROCKET P11,MOVISUN,,,,75000,3,,1
PREVIEW-A65F1462A5079B52,POWER BAND MOVISUN ROCKET P12,MOVISUN,,,,95000,1,,1
PREVIEW-1FCD92927A1BE232,POWER BAND MOVISUN ROCKET P17,MOVISUN,,,,110000,2,,1
PREVIEW-C10E4C0650631A6D,POWER BAND MOVISUN ROCKET P20,MOVISUN,,,,135000,2,,1
PREVIEW-9239BF7F59C8E3DB,POWER BAND MOVISUN ROCKET P25,MOVISUN,,,,135000,2,,1
PREVIEW-126214669CDCE511,POWER BAND VIDVIE  20W PB783,VIDVIE,,,,145000,1,,1
PREVIEW-D17D69DB34484850,POWER BAND VIDVIE 20W P10,VIDVIE,,,,165000,1,,1
PREVIEW-C7C208A18E3A9A18,POWER BAND VIDVIE 22.5W P01,VIDVIE,,,,135000,1,,1
PREVIEW-9A05ED728FEED495,PROTECTOR SMART WATCH,FORROS,,,,25000,10,,1
PREVIEW-54B953C97C7A4532,PULSERA BRILLANTE,ACCESORIOS,,,,25000,6,,1
PREVIEW-C719B77189B32178,PULSO  APPLE MAGNÉTICO,PULSOS,,,,35000,7,,1
PREVIEW-E9473590D32C8EE8,PULSO APPLE WATCH DISEÑO,PULSOS,,,,35000,4,,1
PREVIEW-3631606284ECFFAB,PULSO SMART METALICO,PULSOS,,,,30000,18,,1
PREVIEW-046F499FC840852B,PULSO SMART TEJIDO,PULSOS,,,,25000,21,,1
PREVIEW-370140B9467CCC9C,PULSO SMART WATCH,PULSOS,,,,20000,48,,1
PREVIEW-1FA2DEFF1684A3F7,REDMI 15C 256GB 4+4 RAM NEGRO,CELULARES,,,,680000,1,,1
PREVIEW-84FC2535C7BDC9F8,REDMI BUDS 6 ACTIVE,XIAOMI,,,,110000,2,,1
PREVIEW-AEF8E81AD7A40B5B,REDMI BUDS 6 PLAY AZUL,XIAOMI,,,,90000,1,,1
PREVIEW-67C3F9827BE6D528,REDMI BUDS 6 PLAY BLANCO,XIAOMI,,,,90000,1,,1
PREVIEW-53E123B89C12C4F4,REDMI BUDS 6 PLAY NEGRO,XIAOMI,,,,90000,3,,1
PREVIEW-18819E0522FE5C95,REDMI BUDS 8 ACTIVE,XIAOMI,,,,110000,1,,1
PREVIEW-3ED470478984DBD5,REDMI BUDS 8 LITE AZUL,XIAOMI,,,,145000,0,,1
PREVIEW-48208E1D8B31BECA,REDMI BUDS ESSENTIAL,XIAOMI,,,,85000,2,,1
PREVIEW-F72B372DB0AA0AA0,REDMI NOTE 15 512GB /8RAM +BUDS AZUL,CELULARES,,,,980000,1,,1
PREVIEW-8ECCFFAB3B7A45EB,REDMI NOTE 15 512GB /8RAM +BUDS AZUL GLA,CELULARES,,,,980000,0,,1
,REDMI NOTE 15 PRO 256GB + PARLANTE,CELULARES,,,,1190000,0,,1
,REDMI NOTE 15 PRO 256GB +PARLANTE,CELULARES,,,,1190000,0,,1
PREVIEW-A0AB609A8672CDB7,REDMI WATCH 5 ACTIVE BLANCO,XIAOMI,,,,195000,0,,1
PREVIEW-3BAB046C5A807F59,REDMI WATCH 5 ACTIVE NEGRO,XIAOMI,,,,195000,2,,1
PREVIEW-F385F543C9E3BB28,REDMI WATCH 5 LITE NEGRO,XIAOMI,,,,250000,0,,1
PREVIEW-CA9A2EE6854E5397,REDMI WATCH 5 LITE ROSA,XIAOMI,,,,250000,0,,1
PREVIEW-6DFB9C48CD80159A,REDMI WATCH 6,XIAOMI,,,,420000,1,,1
PREVIEW-18348E18CEA4B58F,REDMI WATCH 6 ACTIVE,XIAOMI,,,,250000,1,,1
PREVIEW-7B3FD4A9D31E1DAD,REDMI WATCH 6 ACTIVE  NEGRO,XIAOMI,,,,250000,1,,1
PREVIEW-D203FDC7AEAA91FE,RELOJ KID 1 AURAFIT MOBULA BLANCO,GTIDE,,,,210000,0,,1
PREVIEW-945E1645A1B6750F,RELOJ KID1 MOBULA AZUL,GTIDE,,,,210000,0,,1
PREVIEW-1C9896539F75ED29,ROKU STREAMING STICK,ACCESORIOS,,,,190000,1,,1
,SAMSUNG A07 128GB /4RAM,CELULARES,,,,490000,1,,1
,SAMSUNG A07 128GB/4RAM,CELULARES,,,,490000,1,,1
PREVIEW-CC6730D67A3EE703,SAMSUNG A16 256/8 RAM,CELULARES,,,,750000,0,,1
PREVIEW-375CAD38587AFAD9,SAMSUNG A17 128GB 4RAM GRIS,CELULARES,,,,780000,1,,1
PREVIEW-960F97741D604E51,SAMSUNG A26 256/8RAM,CELULARES,,,,980000,1,,1
PREVIEW-4DF7EAA077952CFF,SILICON CASE,FORROS,,,,20000,187,,1
PREVIEW-F77C7C6251DE87FE,SMART WATCH  T900 ULTRA,SMART WATCH,,,,120000,4,,1
PREVIEW-9A43163EEC0284EF,SMART WATCH HELLO TC 30,SMART WATCH,,,,120000,5,,1
PREVIEW-C46AAA0645496F56,SMART WATCH MOVISUN QM 60,MOVISUN,,,,195000,0,,1
PREVIEW-2B85FA5C7DDB817B,SMART WATCH MOVISUN QM 80,MOVISUN,,,,230000,1,,1
PREVIEW-6388B7853606DCFC,SMART WATCH MOVISUN QN 30 PLATA,MOVISUN,,,,165000,1,,1
PREVIEW-9C23C770CB69DD81,SMART WATCH MOVISUN QN30 NEGRO,MOVISUN,,,,165000,0,,1
PREVIEW-5A0459BBC39273CC,SMART WATCH MOVISUN QN35,MOVISUN,,,,165000,0,,1
PREVIEW-266652DFE3275B3C,SMART WATCH MOVISUN X8 PRO ULTRA,MOVISUN,,,,120000,2,,1
PREVIEW-176D4FE3E26E3F13,SMART WATCH MOVISUN X8+ ULTRA,MOVISUN,,,,120000,1,,1
PREVIEW-4015D8B4B3A00CDB,SMART WATCH VIDVIE SW1624,VIDVIE,,,,185000,2,,1
PREVIEW-E4E374BE3D0A0A61,SOPORTE CELULAR EPIK STRONG,EPIK,,,,35000,1,,1
PREVIEW-FFD8ED0D511DA855,SOPORTE EPIK CELULAR DESKTOP,EPIK,,,,35000,2,,1
PREVIEW-B7CC4464271F8B3D,SOPORTE LAPTOP STAND,PENDIENTE_REVISION,,,,35000,2,,1
PREVIEW-0560FEB2C48F33F5,STAND EPIK ZEN 3 IN 1,EPIK,,,,120000,2,,1
PREVIEW-716F931E3ABA8BD0,TAB A11,CELULARES,,,,650000,1,,1
PREVIEW-9FA284B3F4501AEE,TABLET MODIO M2 ROSA,GTIDE,,,,295000,1,,1
PREVIEW-3F95ECD64B0C4B49,TECLADO EPIK BUNNY POP,EPIK,,,,150000,4,,1
PREVIEW-C7DCE3247B868100,TECLADO EPIK DESK ONE SET,EPIK,,,,95000,1,,1
PREVIEW-5A67328DDF41B25C,TECLADO EPIK FULL SIZE,EPIK,,,,32000,5,,1
PREVIEW-0FC8A08CD0ECCD09,TECLADO EPIK HYPER TYPE K87,EPIK,,,,110000,2,,1
PREVIEW-9C4587C220883465,TECLADO FANTECH MAXFIT 61 BLANCO,EPIK,,,,255000,1,,1
PREVIEW-1FFE2C7CB006BECA,TECLADO MANO RGB JEDEL K601,JEDEL,,,,85000,1,,1
PREVIEW-9A2BA40DA27AE789,TECLADO MANO RGB K7,JEDEL,,,,65000,1,,1
PREVIEW-5DED757C0E359A61,TECLADO VIDVIE KB05,VIDVIE,,,,145000,1,,1
PREVIEW-35E4AB0EAB262809,TECLADO WEIBO WB-216,TECLADOS,,,,120000,2,,1
PREVIEW-50E7D0631A1FA370,TIVO STREAM 4K,ACCESORIOS,,,,190000,1,,1
PREVIEW-0DDDF08DBB344805,TRIPODE EPIK AXIS,EPIK,,,,75000,1,,1
PREVIEW-2544DD652684B183,TRIPODE EPIK MOTION,EPIK,,,,120000,1,,1
PREVIEW-4520E842B1DA5C31,TRIPODE EPIK ORION,EPIK,,,,185000,0,,1
PREVIEW-A31336DBB8D009BD,TV ONN FULL HD,INTERNET,,,,180000,0,,1
PREVIEW-3268DF8B30799B91,TV STICK ANDROID,INTERNET,,,,130000,0,,1
PREVIEW-55CF81ABB6442475,USB 16 GB,MEMORIAS,,,,28000,2,,1
PREVIEW-4BED482F7E15524E,USB 32GB,MEMORIAS,,,,32000,0,,1
PREVIEW-F628E33BF59BC4F6,USB BLUETHOOT 5.1,ACCESORIOS,,,,20000,2,,1
PREVIEW-03A930FF4BBF5289,USB VIDVIE 128GB,VIDVIE,,,,120000,2,,1
PREVIEW-8F1D84234AC8A2DC,USB VIDVIE 256GB 2604,VIDVIE,,,,185000,1,,1
PREVIEW-E7E92F8FB273E637,USB VIDVIE 64GB,VIDVIE,,,,85000,0,,1
PREVIEW-A5B0D8D9F69F30D5,VIDRIO  SMART WATCH APPLE,VIDRIOS,,,,25000,11,,1
PREVIEW-ED971B659FC32BD6,VIDRIO BLINDADO,VIDRIOS,,,,20000,1355,,1
PREVIEW-BA9AD9E6A60682C2,VIDRIO CAMARA IP 17 PRO MAX,VIDRIOS,,,,25000,7,,1
PREVIEW-2579FC87780F7772,VIDRIO CAMARA IPHONE,VIDRIOS,,,,5000,59,,1
PREVIEW-EB4638E68AF19EE7,VIDRIO SIN BORDE,VIDRIOS,,,,25000,160,,1
PREVIEW-99345BC3074C61DA,WALLET AIPHONE,ACCESORIOS,,,,35000,10,,1
PREVIEW-4526DF1C95149DD0,XIAOMI SMART BAND 10 BLANCO,XIAOMI,,,,240000,1,,1
PREVIEW-EB0BFC5D6581F4AC,XIAOMI SMART BAND 10 NEGRO,XIAOMI,,,,240000,0,,1
PREVIEW-B4BB1A84E86E31D5,XIAOMI SMART BAND 10 PRO NEGRO,XIAOMI,,,,380000,1,,1
PREVIEW-CAA5E17248A0265A,XIAOMI SMART BAND 10 PRO ROSA,XIAOMI,,,,380000,1,,1
PREVIEW-950D4927AF836099,XIAOMI SMART BAND 9 ROSA,XIAOMI,,,,200000,1,,1
PREVIEW-517F45B16B3119B7,ZTE A35E 64GB,CELULARES,,,,360000,1,,1
PREVIEW-0236788757E5178C,ZTE A76 128GB 4+4 RAM,CELULARES,,,,490000,1,,1
