"source_id","nombre","categoria","marca","modelo","descripcion","precio","stock","imagen_url","activo"
"ZT-INV-DF16B38F3D17C81FF57C","ESTUCHE EPIK LAPTOP 15.6""","EPIK","","","","75000","3","","1"
"ZT-INV-9956E720D1EEA4C53EAC","ADAPRADOR EUROPEO","CARGADORES","","","","45000","4","","1"
"ZT-INV-505895D7D95011FB1CD8","ADAPTADOR ETHERNET TIPO C CAJA VERDE","ACCESORIOS COMPUTADORES","","","","35000","2","","1"
"ZT-INV-D80E8CB31E0BED64CB25","ADAPTADOR TIPO C A INTERNET","INTERNET","","","","35000","1","","1"
"ZT-INV-37504B7DC9DA5736CD00","ADAPTADOR UNIVERSAL","JEDEL","","","","40000","1","","1"
"ZT-INV-9792744E68F49AE3B513","AIRPODS 4 GENERACION","BLUETOOTH","","","","160000","3","","1"
"ZT-INV-01B8ED6AA297EA701C01","AIRPODS MAX","DIADEMAS","","","","145000","3","","1"
"ZT-INV-49ADEDB7EB282A7B2006","AIRPODS PRO 3","BLUETOOTH","","","","220000","2","","1"
"ZT-INV-7C6A884366CC8EE8F1EE","ALARMA RELOJ MOVISUN 5W","MOVISUN","","","","75000","1","","1"
"ZT-INV-192375212AB74AB2C5A6","ALEXA ECHO SHOW 5","ACCESORIOS","","","","380000","1","","1"
"ZT-INV-82B67CF0E582C9995AF1","ARMADURA","FORROS","","","","25000","55","","1"
"ZT-INV-DFAAE7649D08A460EB50","ARO LUZ MJ33","ACCESORIOS","","","","110000","0","","1"
"ZT-INV-E21E2ED439258C567263","AUDÍFONOS IPHONE TIPO C","ACCESORIOS","","","","60000","8","","1"
"ZT-INV-6DC228D390EC214CB151","AUDIFONOS JBL VIBE BEAM 2","JBL","","","","260000","1","","1"
"ZT-INV-2F8BD5A98DEF4B63DBC6","AUDIFONOS VIDVIE  VS E01","VIDVIE","","","","25000","5","","1"
"ZT-INV-CCA1057993E807C158C8","AUDIFONOS VIDVIE HS604","VIDVIE","","","","25000","6","","1"
"ZT-INV-C8C441BD81F84A2F09BA","AUDIFONOS VIDVIE IPH E08","VIDVIE","","","","38000","2","","1"
"ZT-INV-92E4808CB901D0FDD7F8","AUDIFONOS VIDVIE TIPO C 685T","VIDVIE","","","","35000","4","","1"
"ZT-INV-4F8387293FB234CC17EB","BASE DIADEMA ONIKUMA ROJA","JEDEL","","","","45000","2","","1"
"ZT-INV-6EF26FA8F2DE7DF4C0F8","BASE EPIK HONEY-TABLET","EPIK","","","","75000","2","","1"
"ZT-INV-E2998CE7840133BFF1C1","BASE EPIK NOTEBOOK-LAPTOP","ACCESORIOS COMPUTADORES","","","","95000","1","","1"
"ZT-INV-553BCAC6438003D121EF","BASE EPIK RISER LAPTOP","EPIK","","","","35000","2","","1"
"ZT-INV-CE1B8A564DA31E9742B4","BASE EPIK ROTARY-STAND TABLET","EPIK","","","","85000","2","","1"
"ZT-INV-042340D7E4F7B19E1F59","BASE ONIKUMA ROSADA ST 3","JEDEL","","","","45000","3","","1"
"ZT-INV-9478D6C3E1E5F1BE80EA","BASE PARA PORTATIL RGB S900","JEDEL","","","","120000","1","","1"
"ZT-INV-AAA5A2A20A17F2471AFA","BASE PORTATIL GAMER S300","JEDEL","","","","110000","1","","1"
"ZT-INV-89A2D4C906070E78E91F","BLINDADO ANTIESPIA","VIDRIOS","","","","25000","150","","1"
"ZT-INV-D8DC0F9FD7FF13E4E728","BLUETOOHT VIDVIE  W10","VIDVIE","","","","95000","3","","1"
"ZT-INV-FCD975512DAF6159D709","BLUETOOT MOVISUN T4 NEGRO","MOVISUN","","","","68000","4","","1"
"ZT-INV-B60729C9E81EAB6CEF10","BLUETOOTH CAR X6","BLUETOOTH","","","","35000","2","","1"
"ZT-INV-8FB4273D582CFBDF4F58","BLUETOOTH EPIK E PRO 3","EPIK","","","","95000","3","","1"
"ZT-INV-D6808B5EDA889E31C48F","BLUETOOTH EPIK NEXO","EPIK","","","","95000","2","","1"
"ZT-INV-9D73D7941B9770A64819","BLUETOOTH EPIK WAVE PODS","EPIK","","","","85000","3","","1"
"ZT-INV-A57AE652141EB9235316","BLUETOOTH EPIK WIRELESS AIR CONDUCTION","EPIK","","","","110000","1","","1"
"ZT-INV-E78580B28DF1B4A3526D","BLUETOOTH GAMER MOVISUN T8","CARGADORES","","","","125000","3","","1"
"ZT-INV-07C1D234FB3E7D24289B","BLUETOOTH GTIDE  OWS 8","GTIDE","","","","120000","1","","1"
"ZT-INV-60CD2FC6513CCA343C01","BLUETOOTH GTIDE AC01","GTIDE","","","","75000","0","","1"
"ZT-INV-03B7424B1AB7E0962DF6","BLUETOOTH MOVISUN ITA 10 PRO","MOVISUN","","","","120000","3","","1"
"ZT-INV-CCE52A687ACBBA287226","BLUETOOTH MOVISUN ITA 2","MOVISUN","","","","85000","5","","1"
"ZT-INV-C398D2C9F0B8DF21C8D8","BLUETOOTH MOVISUN ITA 3 LITE","MOVISUN","","","","85000","6","","1"
"ZT-INV-EB8FA8D72141A3EB55A3","BLUETOOTH MOVISUN ITA 4 LITE","MOVISUN","","","","75000","5","","1"
"ZT-INV-03DCEA11599394F309E5","BLUETOOTH MOVISUN ITA 5 PRO","MOVISUN","","","","120000","2","","1"
"ZT-INV-FCCF127CAC2AE54A172D","BLUETOOTH MOVISUN ITA 8","MOVISUN","","","","120000","3","","1"
"ZT-INV-50EF193BAB11C2852139","BLUETOOTH MOVISUN T10 MORADO","MOVISUN","","","","110000","3","","1"
"ZT-INV-FE65D8A669F8C91C3ECA","BLUETOOTH MOVISUN T10 NEGRO","MOVISUN","","","","110000","3","","1"
"ZT-INV-BFD95135832BD4031F7E","BLUETOOTH MOVISUN T110 NEGRO","MOVISUN","","","","120000","3","","1"
"ZT-INV-D3BE9DE859C7BA0AEA29","BLUETOOTH MOVISUN T13 GRIS","MOVISUN","","","","95000","1","","1"
"ZT-INV-C454212C3C41D4249905","BLUETOOTH MOVISUN T13 NEGRO","MOVISUN","","","","95000","2","","1"
"ZT-INV-D03C3384FB0EC0AFE3EF","BLUETOOTH MOVISUN T19 AZUL","MOVISUN","","","","135000","1","","1"
"ZT-INV-BFF7E825AF70163D0A37","BLUETOOTH MOVISUN T19 NEGRO","MOVISUN","","","","135000","2","","1"
"ZT-INV-B1D8750755A73B0D4C88","BLUETOOTH MOVISUN T19 ROSADO","MOVISUN","","","","135000","1","","1"
"ZT-INV-A442659BEB577C58E774","BLUETOOTH MOVISUN T19 VERDE","MOVISUN","","","","135000","1","","1"
"ZT-INV-0F80D2BC155046D28277","BLUETOOTH MOVISUN T3 BLANCO","MOVISUN","","","","68000","3","","1"
"ZT-INV-4341A5C7B4A6B9729846","BLUETOOTH MOVISUN T3 NEGRO","MOVISUN","","","","68000","3","","1"
"ZT-INV-B6F7C78B4148B5193081","BLUETOOTH MOVISUN T3 VERDE","MOVISUN","","","","68000","3","","1"
"ZT-INV-BE7750CC153050576AA8","BLUETOOTH MOVISUN T4 BLANCO","MOVISUN","","","","68000","1","","1"
"ZT-INV-7AE53105D0414099343E","BLUETOOTH MOVISUN T4 LILA","MOVISUN","","","","68000","1","","1"
"ZT-INV-3157475D05996777934E","BLUETOOTH MOVISUN T4 ROSA","MOVISUN","","","","68000","2","","1"
"ZT-INV-294257989F521E1A60AF","BLUETOOTH MOVISUN T5 BLANCO","MOVISUN","","","","75000","2","","1"
"ZT-INV-04298EC87A6224D87C99","BLUETOOTH MOVISUN T5 LILA","MOVISUN","","","","75000","1","","1"
"ZT-INV-6806154AAF1B01587986","BLUETOOTH MOVISUN T5 ROSA","MOVISUN","","","","75000","2","","1"
"ZT-INV-719829096BC24A3044A0","BLUETOOTH MOVISUN T6 BLANCO","MOVISUN","","","","95000","1","","1"
"ZT-INV-D65AE51648C3C33833E8","BLUETOOTH MOVISUN T6 MORADO","MOVISUN","","","","95000","1","","1"
"ZT-INV-BEF0CFA5A58DC90D8311","BLUETOOTH MOVISUN T6 NEGRO","MOVISUN","","","","95000","1","","1"
"ZT-INV-1491DBBC68AFD6F65E46","BLUETOOTH MOVISUN T6 ROSADO","MOVISUN","","","","95000","1","","1"
"ZT-INV-018E71E2C661ADAF7759","BLUETOOTH MOVISUN T6 VERDE","MOVISUN","","","","95000","1","","1"
"ZT-INV-5A8F9C8B00831FD997CC","BLUETOOTH MOVISUN TW1 BLANCO","MOVISUN","","","","85000","3","","1"
"ZT-INV-BF8B95910DB715F404A4","BLUETOOTH MOVISUN TW1 NEGRO","MOVISUN","","","","85000","3","","1"
"ZT-INV-048BEEC09AE179EEC743","BLUETOOTH MOVISUN W1 AZUL","MOVISUN","","","","68000","2","","1"
"ZT-INV-37B8CB9B207957A3A460","BLUETOOTH MOVISUN W1 LILA","MOVISUN","","","","68000","2","","1"
"ZT-INV-5D4431EE961496A2603C","BLUETOOTH MOVISUN W1 NEGRO","MOVISUN","","","","68000","3","","1"
"ZT-INV-60692E395B2242084867","BLUETOOTH MOVISUN W1 ROSA","MOVISUN","","","","68000","1","","1"
"ZT-INV-8EE62E73CEB5E8CA69AA","BLUETOOTH REDMI BUDS 6 PLAY ROSA","XIAOMI","","","","90000","0","","1"
"ZT-INV-0ADA31031506FBB63AB4","BLUETOOTH SOUNDCORE P25I","BLUETOOTH","","","","95000","2","","1"
"ZT-INV-BD0B480751D2206E4FC1","BLUETOOTH T5 MOVISUN NEGRO","MOVISUN","","","","68000","10","","1"
"ZT-INV-08F0D9362BD02751791F","BLUETOOTH VIDVIE BT8002","VIDVIE","","","","105000","2","","1"
"ZT-INV-CFD9D7C7E367AC5828D3","BLUETOOTH VIDVIE BT8003","VIDVIE","","","","105000","2","","1"
"ZT-INV-F47E06C8754E6C6DAECC","BLUETOOTH VIDVIE BT861","VIDVIE","","","","110000","2","","1"
"ZT-INV-BFC4558F5AA0110E171D","BLUETOOTH VIDVIE BT866","VIDVIE","","","","110000","2","","1"
"ZT-INV-D56BBC9364EE2A2040CA","BLUETOOTH VIDVIE VS W02","VIDVIE","","","","75000","3","","1"
"ZT-INV-096139AF1B9C5F3BE854","BLUETOOTH VIDVIE VS W03","VIDVIE","","","","75000","3","","1"
"ZT-INV-540A556F22A481660161","BLUETOOTH VIDVIE W16","VIDVIE","","","","95000","2","","1"
"ZT-INV-8C7AAA5A2B03BF08F3E7","BLUETOOTH VIDVIE W17","VIDVIE","","","","95000","2","","1"
"ZT-INV-FCBE83E38F1E2583F9ED","CABEZA EPIK 20W","EPIK","","","","35000","5","","1"
"ZT-INV-16DE66C38CD659F44638","CABEZA IPHONE 20W","CARGADORES","","","","50000","5","","1"
"ZT-INV-B9945400C76B7976F01B","CABEZA MOVISUN 20W IP-15","MOVISUN","","","","40000","17","","1"
"ZT-INV-329BA8404FBFAAD25F02","CABEZA ORIGINAL IPHONE 20W","CARGADORES","","","","100000","1","","1"
"ZT-INV-3B072E232D4CC14775DB","CABEZA ORIGINAL IPHONE 40W","CARGADORES","","","","180000","2","","1"
"ZT-INV-9F32A041B9A7F15FB1EC","CABEZA ORIGINAL SAMSUNG 25W","CARGADORES","","","","70000","4","","1"
"ZT-INV-71276CD3BF61933A3DB1","CABEZA SAMSUNG 25W","CARGADORES","","","","40000","10","","1"
"ZT-INV-80ADE7C53A25CCA5F737","CABEZA SAMSUNG 45W","CARGADORES","","","","50000","6","","1"
"ZT-INV-C707D19060B74D9923E2","CABEZA SAMSUNG 45W 1.1","CARGADORES","","","","60000","3","","1"
"ZT-INV-D354B14B3527644D0D37","CABEZA VIDVIE 20W PLM370","VIDVIE","","","","28000","17","","1"
"ZT-INV-67E7DBDD27835D9AD47A","CABEZA VIDVIE 20W PLM373","VIDVIE","","","","30000","8","","1"
"ZT-INV-535EC5C135FE0CFE4804","CABLE ASPOR 6A USB IPH","CABLES","","","","20000","7","","1"
"ZT-INV-C6DDA087A06062E11DED","CABLE AUXILIAR 3.5 MOVISUN ZCA 1","MOVISUN","","","","15000","8","","1"
"ZT-INV-66507EEC520D4D8CB6CA","CABLE EPIK C C 100W","EPIK","","","","25000","9","","1"
"ZT-INV-9CEC61CACBABE84268CB","CABLE EPIK C C FLEX 100W","EPIK","","","","25000","6","","1"
"ZT-INV-AEC502D0E1933C5C7B49","CABLE EPIK C-C PD 20W","EPIK","","","","25000","7","","1"
"ZT-INV-E8B207396DD11921C69C","CABLE EPIK TRI LINK PRO","EPIK","","","","30000","6","","1"
"ZT-INV-A11C1A2B240EFAB3A1DB","CABLE EPIK USB-C 5A","EPIK","","","","20000","14","","1"
"ZT-INV-E4D20CEDF59A79224915","CABLE HDMI 1.5","ACCESORIOS COMPUTADORES","","","","15000","0","","1"
"ZT-INV-9EA300BB158BCDAF11C5","CABLE HDMI 1.5 METROS","INTERNET","","","","15000","1","","1"
"ZT-INV-86E9877FA7598EEB061B","CABLE HDMI 2 METROS","INTERNET","","","","25000","0","","1"
"ZT-INV-6390B81DE3F484840837","CABLE HDMI 3MTS","ACCESORIOS COMPUTADORES","","","","20000","6","","1"
"ZT-INV-FDD263988AC0557E6704","CABLE HDMI 5 METROS","INTERNET","","","","25000","1","","1"
"ZT-INV-7C70608312F3F0A2E3C2","CABLE HDMI 5 MTS","CABLES","","","","25000","1","","1"
"ZT-INV-C3662E5303C0273D2F45","CABLE IMPRESORA 1.5","ACCESORIOS COMPUTADORES","","","","15000","5","","1"
"ZT-INV-5D665B7EFF57F63CFF9A","CABLE INTERNET 15 MTS","CABLES","","","","38000","3","","1"
"ZT-INV-76095EEE692D8F8B787B","CABLE INTERNET 3 MTS","CABLES","","","","15000","2","","1"
"ZT-INV-411E472436481C75FB54","CABLE IPHONE 60W","CABLES","","","","35000","17","","1"
"ZT-INV-93FFB7FDC2485BB8D834","CABLE JACK C-3.5","ACCESORIOS","","","","20000","1","","1"
"ZT-INV-77D5D66BED495CF4FC91","CABLE MOVISUN C-C 2 METROS IC-15","MOVISUN","","","","25000","10","","1"
"ZT-INV-4C753C6323B68BC1788A","CABLE MOVISUN C-C 240W","MOVISUN","","","","35000","8","","1"
"ZT-INV-826FEF8931997AD4B0D4","CABLE MOVISUN C-C 3.5 Z26","MOVISUN","","","","12000","14","","1"
"ZT-INV-69FD799E459EA563789F","CABLE MOVISUN C-C 60W Z36","MOVISUN","","","","20000","14","","1"
"ZT-INV-2FD0DDB5C3E19DEC20C2","CABLE MOVISUN C-C 60W Z46","MOVISUN","","","","25000","10","","1"
"ZT-INV-1BB1F38AA416A85B3B0F","CABLE MOVISUN C-C 67W Z66","MOVISUN","","","","30000","9","","1"
"ZT-INV-4B351FF42B493E3403EA","CABLE MOVISUN C-C IC-15","MOVISUN","","","","20000","8","","1"
"ZT-INV-8D0C1E2BE8048B26FD0E","CABLE MOVISUN C-IP 27W Z48","MOVISUN","","","","25000","14","","1"
"ZT-INV-12900C8AE519F07AAB61","CABLE MOVISUN C-IPH 2 METROS IC-10","MOVISUN","","","","25000","5","","1"
"ZT-INV-1ADCA98893C1674BEBF1","CABLE MOVISUN C-IPH IC-10","MOVISUN","","","","20000","26","","1"
"ZT-INV-7D0231CF9A490B8C6145","CABLE MOVISUN C-IPH Z38","MOVISUN","","","","20000","12","","1"
"ZT-INV-FDB4C375F5B6043702C2","CABLE MOVISUN USB A C Z42","MOVISUN","","","","20000","9","","1"
"ZT-INV-74A6EA117883142A87CC","CABLE MOVISUN USB C Z32","MOVISUN","","","","15000","15","","1"
"ZT-INV-DFFFD3B7726F128F617A","CABLE MOVISUN USB-C 120W ZK-15","MOVISUN","","","","30000","6","","1"
"ZT-INV-3A4546EC04796FDFA312","CABLE MOVISUN USB-C 2 METROS Z202","MOVISUN","","","","20000","7","","1"
"ZT-INV-29A68A85FA0C6BC887EA","CABLE MOVISUN USB-C Z62","MOVISUN","","","","25000","9","","1"
"ZT-INV-F79313FE2E6D389422FE","CABLE MOVISUN V8 Z20","MOVISUN","","","","12000","9","","1"
"ZT-INV-386C29AC4DEF012C4123","CABLE ORIGINAL IPHONE C-C","CABLES","","","","70000","3","","1"
"ZT-INV-5E6DA128E2B3D3CDC707","CABLE ORIGINAL IPHONE C-LIGHTNING","CABLES","","","","70000","11","","1"
"ZT-INV-6447909D71586C4617AA","CABLE USB C 6A DATA 801","CABLES","","","","20000","2","","1"
"ZT-INV-D3B9EFCC8C657083817D","CABLE VGA 1.5","INTERNET","","","","20000","0","","1"
"ZT-INV-638CF580116640A39F64","CABLE VIDVIE 60W 2MTS 4038","VIDVIE","","","","30000","6","","1"
"ZT-INV-2DB27A6BED17C814878C","CABLE VIDVIE C-C 100W B4013","VIDVIE","","","","30000","10","","1"
"ZT-INV-A648764994E9011F9B9C","CABLE VIDVIE C-C 60W 4031 BL","VIDVIE","","","","25000","8","","1"
"ZT-INV-7C1E9FE53985045B0CBD","CABLE VIDVIE C-C 60W 4031 N","VIDVIE","","","","25000","2","","1"
"ZT-INV-752BE4F99DF647CAD9D9","CABLE VIDVIE C-C 60W B04T","VIDVIE","","","","25000","12","","1"
"ZT-INV-7BA451B1E5A44AC55B52","CABLE VIDVIE C-C 60W B08","VIDVIE","","","","25000","8","","1"
"ZT-INV-57C11CC9EF3534BC5810","CABLE VIDVIE C-C B09","VIDVIE","","","","25000","9","","1"
"ZT-INV-292ACC0D95877C4DB403","CABLE VIDVIE C-IP 30W 4031","VIDVIE","","","","25000","8","","1"
"ZT-INV-EE3D322F64F79402ADBB","CABLE VIDVIE C-IP 30W CB4013","VIDVIE","","","","30000","6","","1"
"ZT-INV-4D5A9C292D6F1B94619A","CABLE VIDVIE USB C 4024T","VIDVIE","","","","30000","2","","1"
"ZT-INV-FF2A8B76CB7CD4DED9C7","CABLE VIDVIE USB-C 4024T","VIDVIE","","","","30000","1","","1"
"ZT-INV-C7134FE1AE0FE6A8BB57","CABLE VIDVIE USB-C B03T","VIDVIE","","","","20000","10","","1"
"ZT-INV-43B68E849C1D653BC375","CABLE VIDVIE USB-C BT10","VIDVIE","","","","20000","9","","1"
"ZT-INV-91C3BE3881C9E734A5DB","CABLE VIDVIE USB-IP B11","VIDVIE","","","","20000","8","","1"
"ZT-INV-D76D68DC04283206E2E2","CABLE VIDVIE USB-V8","VIDVIE","","","","15000","8","","1"
"ZT-INV-CF4403E74CC2DA40F52C","CAMARA EPIK PIXIO","EPIK","","","","120000","6","","1"
"ZT-INV-52243A0B2B9F49D0C930","CAMARA WEB 1080 CAJA CAFE","ACCESORIOS","","","","75000","4","","1"
"ZT-INV-ED63C9C7B5C48B054F3C","CAR CARRO VIDVIE 20W C522","VIDVIE","","","","55000","0","","1"
"ZT-INV-64042045E3F643B9932E","CAR CARRO VIDVIE 30W C04","VIDVIE","","","","38000","0","","1"
"ZT-INV-B10518BC0CA0BF447388","CAR CARRO VIDVIE 30W C531","VIDVIE","","","","55000","0","","1"
"ZT-INV-99C4B8CEF5C1A65FA25D","CAR CARRO VIDVIE USB-IP 528","VIDVIE","","","","20000","4","","1"
"ZT-INV-B336378B11FA1FE6E8EB","CARGADOR ASPOR  C A IPH","CARGADORES","","","","50000","4","","1"
"ZT-INV-802C9121ED4FD21C8977","CARGADOR CARRO EPIK FMOTION","EPIK","","","","45000","3","","1"
"ZT-INV-F79DC3B448CAC0707061","CARGADOR CARRO MOVISUN C-C 25W CM-20","MOVISUN","","","","48000","5","","1"
"ZT-INV-74ACA370C1B36C0712CA","CARGADOR EPIK 20 C A C","EPIK","","","","40000","3","","1"
"ZT-INV-74025E6FFA580AD44291","CARGADOR EPIK 20W C A LIGHTIHING","EPIK","","","","40000","12","","1"
"ZT-INV-883683D992A3C9BEF263","CARGADOR EPIK C C 45W","EPIK","","","","95000","3","","1"
"ZT-INV-251E7D1D30770E1CFC22","CARGADOR MAGNETIC VIDVIE 3W C1411","VIDVIE","","","","45000","1","","1"
"ZT-INV-DFAABB6B19338AA2FC4D","CARGADOR MOVISUN C-C 25W MPD88","MOVISUN","","","","50000","12","","1"
"ZT-INV-3EFD7A94C77F1204632F","CARGADOR MOVISUN C-C 33W M-33UC","MOVISUN","","","","65000","6","","1"
"ZT-INV-F101CE5A75968A7EF027","CARGADOR MOVISUN C-C 35W MPD35","MOVISUN","","","","65000","5","","1"
"ZT-INV-08619F177BEA9C6C7A7C","CARGADOR MOVISUN C-C MIP-60 60W","MOVISUN","","","","85000","5","","1"
"ZT-INV-C7F0AAA7BBFBFD960419","CARGADOR MOVISUN C-C MS 45C","MOVISUN","","","","75000","5","","1"
"ZT-INV-A3314B72A734DD405849","CARGADOR MOVISUN C-C MS-25C 25W","MOVISUN","","","","55000","7","","1"
"ZT-INV-20E49D72AE08F5DAFB51","CARGADOR MOVISUN C-LIGHTNING","MOVISUN","","","","50000","7","","1"
"ZT-INV-173A78565AEC1ECDC89F","CARGADOR MOVISUN M-67U 67W","MOVISUN","","","","85000","3","","1"
"ZT-INV-9C9565A675F3A1518931","CARGADOR MOVISUN USB-C","MOVISUN","","","","35000","10","","1"
"ZT-INV-EA129BBF77B076BAC44B","CARGADOR MOVISUN USB-C 2.4 MC-50","MOVISUN","","","","25000","7","","1"
"ZT-INV-023D7C04E4D34809124D","CARGADOR MOVISUN USB-IPH 2.4 MC-50","CARGADORES","","","","25000","10","","1"
"ZT-INV-0F1BFEA72B6356B15C7D","CARGADOR ORIGINAL UGREEN NEGRO","CARGADORES","","","","130000","0","","1"
"ZT-INV-6A0D7A2188AD844D86FA","CARGADOR ORIGINAL UGREEN VERDE","CARGADORES","","","","130000","2","","1"
"ZT-INV-8FD2342EF7CBEA941AD5","CARGADOR PILA RECARGABLE","ACCESORIOS","","","","70000","2","","1"
"ZT-INV-49C1415D7A00821781EF","CARGADOR SMART","CARGADORES","","","","30000","1","","1"
"ZT-INV-2E6F978D4818BA04FB07","CARGADOR SMART WATCH","CARGADORES","","","","35000","1","","1"
"ZT-INV-1B90643BD12A212B6F33","CARGADOR SMART WATCH ORIGINAL","ACCESORIOS","","","","70000","1","","1"
"ZT-INV-2EBD04417E07AFFBDDE4","CARGADOR VIDV C-C PL382","VIDVIE","","","","55000","4","","1"
"ZT-INV-B585B821AA27DADD8C51","CARGADOR VIDVIE 280W","VIDVIE","","","","160000","2","","1"
"ZT-INV-B36237BA922B05C3884E","CARGADOR VIDVIE C C CORE 35W","EPIK","","","","75000","4","","1"
"ZT-INV-7DAA4A9526D6C66ECEEE","CARGADOR VIDVIE C-C 30W A16","VIDVIE","","","","55000","5","","1"
"ZT-INV-59E6B6E94EAA88E63627","CARGADOR VIDVIE C-C 60W PLM388","VIDVIE","","","","98000","2","","1"
"ZT-INV-75CB9E611F3B7D630F89","CARGADOR VIDVIE C-IP 30W A16","VIDVIE","","","","55000","5","","1"
"ZT-INV-BC9A7EBC25C41B65F902","CARGADOR XIAOMI 120W","XIAOMI","","","","150000","1","","1"
"ZT-INV-8F1E5568C260091DF25D","COMBO TECLADO F92","JEDEL","","","","85000","1","","1"
"ZT-INV-E48ABDF6A2D932460128","COMBO TECLADO JEDEL G10","JEDEL","","","","45000","3","","1"
"ZT-INV-E9E6BFB749DB7AC94935","COMBO TECLADO JEDEL WS732","JEDEL","","","","85000","1","","1"
"ZT-INV-D181071CC3AC5B991207","COMBO TECLADO JEDEL WS737","JEDEL","","","","120000","2","","1"
"ZT-INV-B543E396F67F2968DC1D","COMBO TECLADO JEDEL WS739","JEDEL","","","","120000","1","","1"
"ZT-INV-B4E75BBC3657AB962767","COMBO TECLADO JEDEL WS750","JEDEL","","","","110000","0","","1"
"ZT-INV-9A22FB58E9F2B285AF97","COMBO TECLADO K06","JEDEL","","","","65000","0","","1"
"ZT-INV-FB3AFD7382AD50436085","COMBO TECLADO WEIBO WB-218B","TECLADOS","","","","155000","0","","1"
"ZT-INV-F39183492A3A4A5EED24","CONTROL EPIK ELITE","CONTROLES","","","","150000","1","","1"
"ZT-INV-B11CE5854FFC1B422207","CONTROL PLAY 5 NEGRO","CONTROLES","","","CONTROL PLAY 5 ORIGINAL","320000","1","","1"
"ZT-INV-2191A4D73135559DB43D","CONTROL SCORPIO VSG","CONTROLES","","","","85000","1","","1"
"ZT-INV-FCCB6BC055729894D3B1","CONTROL SONY PS3","CONTROLES","","","","75000","2","","1"
"ZT-INV-E3F5151661F8472278EC","CONTROL X3","CONTROLES","","","","75000","1","","1"
"ZT-INV-1724D2613CECCB5127B3","CONTROL XBOX","CONTROLES","","","CONTROL XBOX SERIES","320000","1","","1"
"ZT-INV-C231E88EA1FD2ADC5BD5","CONTROL XBOX 360 BLANCO","CONTROLES","","","","75000","1","","1"
"ZT-INV-FBBB215B6FB1132A139B","CONTROL XBOX 360 NEGRO","CONTROLES","","","","75000","1","","1"
"ZT-INV-30C3BF84FFF2B4C39227","CUELLERA BLUETOOTH EPIK NECK BAND","EPIK","","","","95000","1","","1"
"ZT-INV-6F8677A5D5C87F5AA7E3","CUELLERA BLUETOOTH EPIK SPORT BONDS","EPIK","","","","105000","2","","1"
"ZT-INV-792C9BCF6FDF749E54D9","CUELLERA BLUETOOTH MOVISUN S8","MOVISUN","","","","85000","5","","1"
"ZT-INV-5DE27914728E4DC25B79","CUELLERA MOVISUN OSOM LITE","MOVISUN","","","","125000","0","","1"
"ZT-INV-E5BD98F295B6AC4A78E4","DIADEMA EPIK HEADSET LYRA","EPIK","","","","85000","4","","1"
"ZT-INV-796E3BC0723E22F19D3B","DIADEMA FANTECH HG22 FUSION","EPIK","","","","200000","1","","1"
"ZT-INV-6F3DB1857B31E51343FC","DIADEMA GAMER JEDEL GH269","JEDEL","","","","120000","1","","1"
"ZT-INV-E1E6913F082B2D8DBCC6","DIADEMA GAMER JEDEL GH559","JEDEL","","","","120000","1","","1"
"ZT-INV-8DA51E2BCE67A80C0939","DIADEMA GAMER JEDEL GH560","JEDEL","","","","165000","1","","1"
"ZT-INV-411201F018247B4D97C8","DIADEMA GAMER JEDEL GH562","JEDEL","","","","165000","1","","1"
"ZT-INV-5E380A8952B5526C8891","DIADEMA GAMER JEDEL GH563","JEDEL","","","","120000","1","","1"
"ZT-INV-433926740E8506077F95","DIADEMA GAMER MOVISUN KG 300","MOVISUN","","","","175000","1","","1"
"ZT-INV-41D2D35353EEC07AF4F9","DIADEMA GAMER MOVISUN KG-100","MOVISUN","","","","120000","5","","1"
"ZT-INV-B23BBF99641124AF93CE","DIADEMA GAMER ONIKUMA B100","JEDEL","","","","110000","1","","1"
"ZT-INV-834688D30D915F55AEEF","DIADEMA GAMER ONIKUMA B90","JEDEL","","","","95000","0","","1"
"ZT-INV-90B5412F7AFEE866CC3A","DIADEMA GAMER RGB G606","JEDEL","","","","95000","1","","1"
"ZT-INV-5B430681795DDA8D4F99","DIADEMA JBL 530BT","JBL","","","","185000","0","","1"
"ZT-INV-09A58F3E41BDF9EC367E","DIADEMA JBL TUNE 730BT","JBL","","","","220000","0","","1"
"ZT-INV-4F8231D84EB61462596D","DIADEMA JEDEL GAMER GH580","JEDEL","","","","165000","1","","1"
"ZT-INV-97E1A2D21D99ACCBC1A1","DIADEMA MOVISUN K20 AZUL","MOVISUN","","","","120000","4","","1"
"ZT-INV-7E1DFB16972534F9FCF2","DIADEMA MOVISUN K20 NEGRO","MOVISUN","","","","120000","4","","1"
"ZT-INV-4F07AA94BBC10F761AFC","DIADEMA MOVISUN K20 VERDE","MOVISUN","","","","120000","4","","1"
"ZT-INV-F0F8F3E8130518322132","DIADEMA MOVISUN K22 AZUL","MOVISUN","","","","135000","1","","1"
"ZT-INV-90C5D89EB1E2CE51D1B0","DIADEMA MOVISUN K22 GRIS","MOVISUN","","","","135000","1","","1"
"ZT-INV-B9FA1508A7555AABB64B","DIADEMA MOVISUN K60 AZUL","MOVISUN","","","","155000","1","","1"
"ZT-INV-2E67E8C35BFCD1095B1C","DIADEMA MOVISUN K60 NEGRO","MOVISUN","","","","155000","1","","1"
"ZT-INV-E3A8C1C76591DC8131A5","DIADEMA MOVISUN K60 PLATA","MOVISUN","","","","155000","1","","1"
"ZT-INV-ED2E7B5BF12646A4075B","DIADEMA MOVISUN K80","MOVISUN","","","","175000","2","","1"
"ZT-INV-6C2A34643AF496065120","DIADEMA SONY","DIADEMAS","","","","95000","2","","1"
"ZT-INV-EC53FA00F4D3A0D3364F","DIADEMA SONY WH CH520","DIADEMAS","","","","195000","0","","1"
"ZT-INV-EE15975D4D8473B71696","DIADEMA VIDVIE BBH2109","VIDVIE","","","","150000","1","","1"
"ZT-INV-3497FE9D6E7465A70557","DIADEMA VIDVIE BBH2111","VIDVIE","","","","155000","1","","1"
"ZT-INV-53CCBA9B9DECE4DF0A65","DIADEMA VIDVIE BBH2114","VIDVIE","","","","185000","1","","1"
"ZT-INV-3960F53EBF41EE9E8D87","DIADEMA VIDVIE QW16","VIDVIE","","","","110000","2","","1"
"ZT-INV-558F253EFFB471326707","DIADEMAR GAMER QUANTUM JBL 100P","JBL","","","","240000","0","","1"
"ZT-INV-E8CA3B189828B0B1C7CA","DISCO EXTRAIBLE 1 TERA","DISCOS","","","","280000","1","","1"
"ZT-INV-BDD1E59487102AB22A72","ECHO DOT AMAZON","ACCESORIOS","","","","260000","1","","1"
"ZT-INV-DD30B9F9E7699F23F77A","ESTUCHE AIRPODS","FORROS","","","","20000","15","","1"
"ZT-INV-9EB626548A66E3DA6C4A","ESTUCHE DISENO AIRPODS","FORROS","","","","25000","47","","1"
"ZT-INV-FF09452BDF8974AE1939","ESTUCHE DISEÑO CARGADOR APPLE","FORROS","","","","25000","10","","1"
"ZT-INV-65E596A09D5C86E63F67","ESTUCHE EPIK AIRPODS","EPIK","","","","25000","16","","1"
"ZT-INV-9EB9C251B7BADF26ECA8","ESTUCHE EPIK LAPTOP 13""","EPIK","","","","65000","3","","1"
"ZT-INV-4CCE6E36EC41B0184928","ESTUCHE EPIK LAPTOP 14""","EPIK","","","","65000","3","","1"
"ZT-INV-078ED782F34051D7C631","ESTUCHE EPIK MACBOOK AIR 15","EPIK","","","","55000","1","","1"
"ZT-INV-70FAA160196B0B678CD7","ESTUCHE EPIK MACBOOK AIR14.6","EPIK","","","","55000","1","","1"
"ZT-INV-652436BFB8C8053110BE","ESTUCHE EPIK MACBOOK NEW PRO 13","EPIK","","","","55000","1","","1"
"ZT-INV-AC2BECA78894DAB0B094","ESTUCHE EPIK MACBOOK PRO 14.2","EPIK","","","","55000","1","","1"
"ZT-INV-3CA95352938966EE3A37","ESTUCHE EPIK MACBOOK PRO 16.2","EPIK","","","","55000","1","","1"
"ZT-INV-BC4802B4524F5008492A","FORRO FINO Y MAGFACE","FORROS","","","","38000","601","","1"
"ZT-INV-8BD3ADB8B0F45FBAE4CC","FORRO GEAR","FORROS","","","","40000","66","","1"
"ZT-INV-4B247B289B582A485E35","FUNDA EPIK LAPTOP","EPIK","","","","35000","3","","1"
"ZT-INV-9F034E552D295664A57D","FUNDA EPIK LIGHT 10""","EPIK","","","","25000","3","","1"
"ZT-INV-FF58C06E715DD3B4E1DB","G TIDE ELEGANCE","GTIDE","","","","295000","1","","1"
"ZT-INV-7B2F745FD29F6BA12B1C","G TIDE POWER","GTIDE","","","","260000","0","","1"
"ZT-INV-414A0C773E01CE02D329","G TIDE Q1 NEGRO","GTIDE","","","","175000","1","","1"
"ZT-INV-42A76367D6ECA84EC1B3","G TIDE Q1 ROSA","GTIDE","","","","175000","1","","1"
"ZT-INV-D76D2B490F02030E5026","G TIDE R1 CLASSIC","GTIDE","","","","265000","1","","1"
"ZT-INV-D11CD55CED8C263AB0E4","G TIDE R2 PRO DORADO","GTIDE","","","","295000","1","","1"
"ZT-INV-A3036E8D5991634769B9","G TIDE R3 NEGRO","GTIDE","","","","195000","1","","1"
"ZT-INV-BC04AAE54273BF6AC270","G TIDE R3 ROSA","GTIDE","","","","195000","1","","1"
"ZT-INV-30DAA855718BE66B278B","G TIDE R5 NEGRO","GTIDE","","","","195000","0","","1"
"ZT-INV-6DACC9161F9A60E29989","G TIDE R5 ROJO","GTIDE","","","","195000","1","","1"
"ZT-INV-3FD0AABA67F008AE6C05","G TIDE R6 PRO","GTIDE","","","","280000","0","","1"
"ZT-INV-60C53F2A866FD2CB1FEE","G TIDE R8 PRO","GTIDE","","","","295000","1","","1"
"ZT-INV-F5B9D145CB08729FE0DB","G TIDE ROMANCE","GTIDE","","","","295000","0","","1"
"ZT-INV-D9ABEF99576050485DFB","GALAXY BUDS FE","ACCESORIOS","","","","350000","1","","1"
"ZT-INV-C171955315422A15D1B4","HIDRO ANTIESPIA","HIDROGEL","","","","30000","4","","1"
"ZT-INV-2F7642F0B37249D7AB2E","HIDRO BRILLANTE","HIDROGEL","","","","20000","22","","1"
"ZT-INV-6C15BAAC206B99F0360B","HIDRO DISEÑO","HIDROGEL","","","","25000","53","","1"
"ZT-INV-590AF8D3B5FB90D7D61C","HIDRO ESPEJO Y PURPURA","HIDROGEL","","","","25000","16","","1"
"ZT-INV-89D34437BE204A242BB6","HIDRO MATE","HIDROGEL","","","","25000","21","","1"
"ZT-INV-E982B355BD068520FBBD","HIDRO PORTATILES","HIDROGEL","","","","40000","7","","1"
"ZT-INV-D8D5ED55796C10731198","HOLDEL EPIK BIKE","EPIK","","","","45000","2","","1"
"ZT-INV-2CBC8531E9C6E41DE8F4","HOLDER  BICICLETA EPIK MOVI","EPIK","","","","130000","2","","1"
"ZT-INV-82C37237FA458FFEA8AA","HOLDER CARRO EPIK ACRYLIC","EPIK","","","","45000","3","","1"
"ZT-INV-AA7E414E8EAD0299336F","HOLDER CARRO EPIK FIX","EPIK","","","","35000","6","","1"
"ZT-INV-92ABC55DC3C2E72F563E","HOLDER CARRO EPIK NEO","EPIK","","","","165000","0","","1"
"ZT-INV-9B3236B233A7A3CBBF24","HOLDER CARRO VIDVIE HC1522","VIDVIE","","","","55000","3","","1"
"ZT-INV-C43DE76AA6EF9ECEBF99","HOLDER EPIK OPTIMUN","ACCESORIOS","","","","55000","3","","1"
"ZT-INV-BB1530F7C3784D60F496","HUAWEI WATCH FIT 3","XIAOMI","","","","390000","1","","1"
"ZT-INV-4C2C27C699AEC667042A","HUB 4 PUERTOS","ACCESORIOS COMPUTADORES","","","","28000","28","","1"
"ZT-INV-634CDEBD097EB0B82AD8","HUB TECLOP 8 EN 1","INTERNET","","","","85000","0","","1"
"ZT-INV-38341F0F1FC4D1195FC8","HUB TIPO C 8 EN 1 CAJA AMARILLA","ACCESORIOS","","","","95000","1","","1"
"ZT-INV-4EBF44204BEAF48E6D65","INFINIX NOTE 50 PRO 256GB 8+8RAM","CELULARES","","","","1150000","1","","1"
"ZT-INV-CA0C423721793FE93642","INFINIX SMART 20 128GB 4+4 RAM","CELULARES","","","","490000","0","","1"
"ZT-INV-05E14F06CBD23D91B0B7","INTERCOMUNICADOR DUAL MOVISUN KY-680","MOVISUN","","","","185000","1","","1"
"ZT-INV-F78CB4D8D51484812C39","INTERCOMUNICADOR MOVISUN KY- 680","MOVISUN","","","","155000","2","","1"
"ZT-INV-5D5D3CECB6933E32B277","IPHONE 13 128GB AZUL BT 77%","CELULARES","","","","1450000","0","","1"
"ZT-INV-DEA829CB2A6C7CB9FBBA","IPHONE 13 128GB BLANCO BT 78%","CELULARES","","","","1450000","0","","1"
"ZT-INV-3BB4C482A1403181C4B8","IPHONE 13 PRO 125GB PLATA BT 82%","CELULARES","","","","1980000","1","","1"
"ZT-INV-4BF8CE1B46A2CA5863AE","IPHONE 13 PRO 256GB BLANCO BT 74%","CELULARES","","","","2200000","1","","1"
"ZT-INV-1AA65245AD260526C64F","IPHONE 13 PRO 256GB PLATA BT 76%","CELULARES","","","","2200000","1","","1"
"ZT-INV-6081A96ADCE9247D09B4","IPHONE 13PRO DORADO 128GB BT 77","CELULARES","","","","1980000","1","","1"
"ZT-INV-4C8F4D9A6EDF2BC98FAA","KALLEY BLACK1","CELULARES","","","","390000","0","","1"
"ZT-INV-C62F1CAA9D79582EEEDC","LECTOR DE MEMORIAS 5 EN 1","ACCESORIOS COMPUTADORES","","","","15000","1","","1"
"ZT-INV-1E88692365A9630F484D","MANOS LIBRE MOVISUN TIPO C B1 LILA","MOVISUN","","","","28000","2","","1"
"ZT-INV-984B85BFD23B2C415FCF","MANOS LIBRES CHACHA B1 BLANCO","MOVISUN","","","","25000","2","","1"
"ZT-INV-948E96E455C9CC8F428B","MANOS LIBRES CHACHA B1 NEGRO","MOVISUN","","","","25000","2","","1"
"ZT-INV-244455FB963E825408CD","MANOS LIBRES CHACHA B6 NEGRO","MOVISUN","","","","25000","8","","1"
"ZT-INV-7964DBF27C61086AF1B6","MANOS LIBRES CHACHA B6 TIPO C NEGRO","MOVISUN","","","","28000","6","","1"
"ZT-INV-E9D7ADD95551B5DEAD4D","MANOS LIBRES JBL TIPO C TUNE 310C","JBL","","","","75000","3","","1"
"ZT-INV-61DA6F6038FC70DF24A6","MANOS LIBRES MOVISUN CHACHA B1 ROSADO","MOVISUN","","","","25000","2","","1"
"ZT-INV-EB0CD0F9336A93140D0A","MANOS LIBRES MOVISUN CHACHA B1 VERDE","MOVISUN","","","","25000","2","","1"
"ZT-INV-D36060439DE414818816","MANOS LIBRES MOVISUN CHACHA B5 BLANCO","MOVISUN","","","","25000","5","","1"
"ZT-INV-474604E915B3A2D13EAB","MANOS LIBRES MOVISUN CHACHA B5 NEGRO","MOVISUN","","","","25000","5","","1"
"ZT-INV-193587E1843FD77F373F","MANOS LIBRES MOVISUN CHACHA X20 TIPOC","MOVISUN","","","","120000","1","","1"
"ZT-INV-65EE7480B49A0C6039D6","MANOS LIBRES MOVISUN IPH IM-7 BLANCO","MOVISUN","","","","38000","3","","1"
"ZT-INV-99D2849FE4FCEB550838","MANOS LIBRES MOVISUN IPH IM-7 NEGRO","MOVISUN","","","","38000","3","","1"
"ZT-INV-4B9D730DC96564FCE2D5","MANOS LIBRES MOVISUN TIPO C B1","MOVISUN","","","","28000","1","","1"
"ZT-INV-4072E11BB82E79293068","MANOS LIBRES MOVISUN TIPO C B1 BLANCO","MOVISUN","","","","28000","2","","1"
"ZT-INV-A8FBED1370DA1B983226","MANOS LIBRES MOVISUN TIPO C B1 NEGRO","MOVISUN","","","","28000","2","","1"
"ZT-INV-02FFD75DA583475FD8E6","MANOS LIBRES MOVISUN TIPO C B5","MOVISUN","","","","28000","9","","1"
"ZT-INV-912A80BE9D117A67E497","MANOS LIBRES MOVISUN TIPO C IM-9 BLANCO","MOVISUN","","","","45000","4","","1"
"ZT-INV-B8FE08891D3E741322B3","MANOS LIBRES MOVISUN TIPO C IM9","MOVISUN","","","","45000","5","","1"
"ZT-INV-53CB0E769C70F7A44834","MAQUINA AFEITAR VIDV HT01","VIDVIE","","","","95000","1","","1"
"ZT-INV-B6989049F09282376536","MAQUINA AFEITAR VIDVIE 3EN1","VIDVIE","","","","105000","0","","1"
"ZT-INV-1CC0A194E9B62E9BF354","MICRO 128GB KINGSTON","MEMORIAS","","","","95000","1","","1"
"ZT-INV-F717AA28CB4631A54867","MICRO 16GB KINGSTON","MEMORIAS","","","","25000","2","","1"
"ZT-INV-9107C99629986C9571CB","MICRO 256GB SANDISK","MEMORIAS","","","","220000","1","","1"
"ZT-INV-9B90ECEAE3EACE00DDE0","MICRO 64GB KINGSTON","MEMORIAS","","","","85000","6","","1"
"ZT-INV-4139A698B07BA49E6D5A","MICRO SD 16GB VERDE","MEMORIAS","","","","35000","2","","1"
"ZT-INV-85B04757D8BA011550E2","MICRO SD 32GB KINGSTON","MEMORIAS","","","","32000","1","","1"
"ZT-INV-60E21271EBFFF01ECBCF","MICRO SD 8GB","MEMORIAS","","","","20000","4","","1"
"ZT-INV-55615CEE606BCD6D7BA2","MICRO SD 8GB VERDE","MEMORIAS","","","","25000","2","","1"
"ZT-INV-F77FBFC1CE2D21DE6F10","MICROFONO EPIK VOXPRO X1","EPIK","","","","280000","3","","1"
"ZT-INV-A3F16CBF30438F7D6F5E","MICROFONO F11-F15","JEDEL","","","","95000","3","","1"
"ZT-INV-EDC64440E5CA38397706","MOLTIPUERTO 7 10/100 MB","ACCESORIOS","","","","55000","1","","1"
"ZT-INV-45320673D36EB5EBBFBA","MOTO BUDS","ACCESORIOS","","","","240000","1","","1"
"ZT-INV-E6B76814D3FAB1D09E7B","MOTO G06 256/4B VERDE","CELULARES","","","","630000","1","","1"
"ZT-INV-C121B6E0EE4E28A12AB7","MOTOROLA EDGE 50 FUSION 256/8RAM","CELULARES","","","","990000","0","","1"
"ZT-INV-8544F2D7AB752B9964CE","MOUSE BAJEAL RGB  M500","MOUSE","","","","58000","2","","1"
"ZT-INV-999C2A819646C19BCB83","MOUSE EPIK GO CLICK","EPIK","","","","85000","3","","1"
"ZT-INV-15F8EED4AF2A708D495E","MOUSE EPIK PIXEL GLOW","EPIK","","","","95000","4","","1"
"ZT-INV-5FC8407B554DE024BC89","MOUSE EPIK TITAN PULSE","EPIK","","","","45000","6","","1"
"ZT-INV-C76ED0F14C016F5C6C4D","MOUSE ERGONOMICO","JEDEL","","","","45000","1","","1"
"ZT-INV-1C41BFC440EB082B32C8","MOUSE ERGONOMICO CABLE OPTICAL","MOUSE","","","","45000","1","","1"
"ZT-INV-ABB19FCF9AFA3005AEEF","MOUSE ERGONOMICO JEDEL W925","JEDEL","","","","65000","1","","1"
"ZT-INV-1667AC5E18AD45591E81","MOUSE ERGONOMICO OPTICAL TC","MOUSE","","","","55000","0","","1"
"ZT-INV-15A9D858E20217D411CA","MOUSE ERGONOMICO YELANDAR","MOUSE","","","","65000","0","","1"
"ZT-INV-D1DDC9D83ABB9B712483","MOUSE GAMER GEDEL GWH 101","JEDEL","","","","130000","0","","1"
"ZT-INV-DB59B6B0FEEC712EBA12","MOUSE GAMER JEDEL GM1320","JEDEL","","","","95000","2","","1"
"ZT-INV-7BC791012123C9450B1E","MOUSE GAMER JEDEL GM1390","JEDEL","","","","110000","10","","1"
"ZT-INV-40C48392BC0388A3AA42","MOUSE GAMER JEDEL GWH-111","JEDEL","","","","150000","2","","1"
"ZT-INV-FA3ECCB72C3FD4594D3E","MOUSE GAMER JEDEL GWH108","JEDEL","","","","110000","2","","1"
"ZT-INV-B85B40311DB05D635B3D","MOUSE GAMER JEDEL M66","JEDEL","","","","28000","6","","1"
"ZT-INV-0AC77EC627ED3879C23A","MOUSE GAMER JEDEL RC980","JEDEL","","","","55000","1","","1"
"ZT-INV-74B893F01B083D571B9B","MOUSE GAMER JEDEL WD140","JEDEL","","","","85000","1","","1"
"ZT-INV-1C2537ACEAC6F42A47E7","MOUSE GENIUS DX150","MOUSE","","","","35000","1","","1"
"ZT-INV-E0029FDE0C3703700F1E","MOUSE JEDEL 230 -CP87","JEDEL","","","","22000","4","","1"
"ZT-INV-2FFA8B6E5E5DB409CB09","MOUSE JEDEL CP74","JEDEL","","","","22000","2","","1"
"ZT-INV-BF7E5749BED445C592E0","MOUSE MAXELL 101","MOUSE","","","","28000","2","","1"
"ZT-INV-CC967CFFE1860858547E","MOUSE MAXELL ALAMBRICO 100","MOUSE","","","","38000","2","","1"
"ZT-INV-CCFC76BF64E4A665B34A","MOUSE MODEL 5084A","MOUSE","","","","38000","1","","1"
"ZT-INV-2B9A04E8CFE810E91203","MOUSE MOFII M3","MOUSE","","","","55000","1","","1"
"ZT-INV-A80A5A3870E7C9A6E21D","MOUSE MOFII M3 ROSA","MOUSE","","","","55000","1","","1"
"ZT-INV-DD65F3EE245B42DD0683","MOUSE VIDVIE KB07","VIDVIE","","","","85000","2","","1"
"ZT-INV-3F6521730CF0480525A0","MULTIPUERTO 10/100MB","ACCESORIOS","","","","45000","1","","1"
"ZT-INV-D11E545CADD15D844F35","OTG VIDVIE USB-C 1129","VIDVIE","","","","28000","5","","1"
"ZT-INV-A9AAA424068B65A0C6DF","PAD MOUSE EPIK DISENO","EPIK","","","","48000","6","","1"
"ZT-INV-C3DE88C5F246B20FA813","PAD MOUSE EPIK ERGO 2","EPIK","","","","28000","4","","1"
"ZT-INV-BF07FD1A61C19925A521","PALO SELFIE PLOKAMA","ACCESORIOS","","","","55000","1","","1"
"ZT-INV-9CBA718F23CC3574F6BF","PARLANTE CANGREJO","JEDEL","","","","160000","0","","1"
"ZT-INV-7D3B33B219E0D9DCFB24","PARLANTE EPIK VIBE BT","EPIK","","","","95000","2","","1"
"ZT-INV-FB18ABC78116E9EE8938","PARLANTE EPIK VIBE MINI","EPIK","","","","95000","2","","1"
"ZT-INV-223D6E40E08BF250D8FD","PARLANTE JBL CLIP5","JBL","","","","220000","4","","1"
"ZT-INV-07AD00F8080C00A9059C","PARLANTE JBL ESSENTIAL2","JBL","","","","980000","1","","1"
"ZT-INV-9D20D4FDC33E8E0A1678","PARLANTE JBL FLIP 7","JBL","","","","410000","1","","1"
"ZT-INV-31D1EEBE43BFD05141CD","PARLANTE JEDEL S527","JEDEL","","","","45000","1","","1"
"ZT-INV-32187929D30CD1CD4853","PARLANTE MOVISUN ARKO 70W","MOVISUN","","","","285000","1","","1"
"ZT-INV-B9539256F40B87A84518","PARLANTE MOVISUN BOMB","MOVISUN","","","","95000","4","","1"
"ZT-INV-00E60008053F3F90FF7C","PARLANTE MOVISUN CANNON MAX","MOVISUN","","","","125000","1","","1"
"ZT-INV-6C597F7E44785542DA2B","PARLANTE MOVISUN DISKO","BLUETOOTH","","","Parlante negro transparente portatil con asa, forma cilindrica","175000","1","","1"
"ZT-INV-3A5B757E1FE612689350","PARLANTE MOVISUN EGG NEO +","MOVISUN","","","","68000","7","","1"
"ZT-INV-ECF76B3E40354CCF2AFD","PARLANTE MOVISUN FLAG","BLUETOOTH","","","Parlante negro rectangular con luces LED rojas, plastico y malla","175000","1","","1"
"ZT-INV-45347517E7D4A4114777","PARLANTE MOVISUN GLU","MOVISUN","","","","85000","4","","1"
"ZT-INV-45D6BF42CD5B237A189E","PARLANTE MOVISUN TEMPLE","MOVISUN","","","","155000","0","","1"
"ZT-INV-FCE84C79C4E78C9A5474","PARLANTE MOVISUN TOWER","BLUETOOTH","","","Parlante negro cilíndrico con rejilla lateral y botones frontales","155000","0","","1"
"ZT-INV-C2DB772665BFAC382E55","PARLANTE ONIKUMA RGB L2","JEDEL","","","","95000","1","","1"
"ZT-INV-1BBA86DC83AE7558D203","PARLANTE RGB E1046","JEDEL","","","","45000","1","","1"
"ZT-INV-CC3BC0CBB4D8D13D7AC7","PARLANTE RGB E1080","JEDEL","","","","95000","1","","1"
"ZT-INV-95BA2CD560EBE1CB4A38","PARLANTE RGB JEDEL S526","JEDEL","","","","45000","1","","1"
"ZT-INV-B9DD09CB462E20343E9E","PARLANTE RGB JEDEL S550","JEDEL","","","","95000","1","","1"
"ZT-INV-90FA468E158C1D616F70","PARLANTE RGB JEDEL S554","JEDEL","","","","45000","1","","1"
"ZT-INV-DB4674F67021F561F879","PARLANTE RGB JEDEL S558","JEDEL","","","","95000","1","","1"
"ZT-INV-EE82994CC9E37DD99AF7","PARLANTE RGB JEDEL S576","JEDEL","","","","45000","1","","1"
"ZT-INV-865F1751A62E5409ED12","PARLANTE RGB K2039","JEDEL","","","","45000","1","","1"
"ZT-INV-23CDADD675D21BE38911","PARLANTE RGB ONIKUMA L6","JEDEL","","","","95000","1","","1"
"ZT-INV-363A733661CDB6A45BE4","PARLANTE VIDVIE 16W S01","VIDVIE","","","","120000","2","","1"
"ZT-INV-BB91C476E585DDF85792","POWER BAN MOVISUN ROCKET P21","MOVISUN","","","","125000","1","","1"
"ZT-INV-69B626C11F798E291957","POWER BAN XIAOMI 165W","XIAOMI","","","","250000","1","","1"
"ZT-INV-DA42EBF1BA664F733AFE","POWER BAND MOVISUN 22.5W I 1010","MOVISUN","","","","145000","0","","1"
"ZT-INV-204FFF2C163A8C7ED970","POWER BAND MOVISUN 22.5W I 1030","MOVISUN","","","","135000","0","","1"
"ZT-INV-2A6FA83A46A34D98183E","POWER BAND MOVISUN I 2030","MOVISUN","","","","155000","1","","1"
"ZT-INV-954135FDAD85F225868D","POWER BAND MOVISUN I500","MOVISUN","","","","75000","3","","1"
"ZT-INV-9EC11F4C206AB06EE930","POWER BAND MOVISUN ROCKET P11","MOVISUN","","","","75000","3","","1"
"ZT-INV-16A850FD7D82BFA73D4E","POWER BAND MOVISUN ROCKET P12","MOVISUN","","","","95000","1","","1"
"ZT-INV-581FE98D8B8714A4E16F","POWER BAND MOVISUN ROCKET P17","MOVISUN","","","","110000","2","","1"
"ZT-INV-ABE08E91311AB6047A46","POWER BAND MOVISUN ROCKET P20","MOVISUN","","","","135000","2","","1"
"ZT-INV-8E48DF56102AE2F9DDBE","POWER BAND MOVISUN ROCKET P25","MOVISUN","","","","135000","2","","1"
"ZT-INV-5EA32E6FEFBF57464EF6","POWER BAND VIDVIE  20W PB783","VIDVIE","","","","145000","1","","1"
"ZT-INV-76C557BC033ABCAD0349","POWER BAND VIDVIE 20W P10","VIDVIE","","","","165000","1","","1"
"ZT-INV-007C992CF5148509816B","POWER BAND VIDVIE 22.5W P01","VIDVIE","","","","135000","1","","1"
"ZT-INV-163BB5BACCCB9C1948F8","PROTECTOR SMART WATCH","FORROS","","","","25000","10","","1"
"ZT-INV-9325D05FC7678865F6EE","PULSERA BRILLANTE","ACCESORIOS","","","","25000","6","","1"
"ZT-INV-1FDEE96C541256E3E7B5","PULSO  APPLE MAGNÉTICO","PULSOS","","","","35000","7","","1"
"ZT-INV-4FED2B0FC498A73991DA","PULSO APPLE WATCH DISEÑO","PULSOS","","","","35000","4","","1"
"ZT-INV-EBB7B989A5E446291744","PULSO SMART METALICO","PULSOS","","","","30000","18","","1"
"ZT-INV-D8FD8ECC47510A295F8D","PULSO SMART TEJIDO","PULSOS","","","","25000","21","","1"
"ZT-INV-B300CF959DB6400AFEF8","PULSO SMART WATCH","PULSOS","","","","20000","48","","1"
"ZT-INV-A83F9435870B334CEBA4","REDMI 15C 256GB 4+4 RAM NEGRO","CELULARES","","","","680000","1","","1"
"ZT-INV-8A51DFC1A839DB969715","REDMI BUDS 6 ACTIVE","XIAOMI","","","","110000","2","","1"
"ZT-INV-197821575B06BB9E61E2","REDMI BUDS 6 PLAY AZUL","XIAOMI","","","","90000","1","","1"
"ZT-INV-9AC0C022D3E490184E44","REDMI BUDS 6 PLAY BLANCO","XIAOMI","","","","90000","1","","1"
"ZT-INV-27C870459B85816D0CB5","REDMI BUDS 6 PLAY NEGRO","XIAOMI","","","","90000","3","","1"
"ZT-INV-C396B29B5675DBAF3FE5","REDMI BUDS 8 ACTIVE","XIAOMI","","","","110000","1","","1"
"ZT-INV-D7DC5F3D73FDF0620C03","REDMI BUDS 8 LITE AZUL","XIAOMI","","","","145000","0","","1"
"ZT-INV-993F01D5BE77D2831D10","REDMI BUDS ESSENTIAL","XIAOMI","","","","85000","2","","1"
"ZT-INV-411534455623F412FA02","REDMI NOTE 15 512GB /8RAM +BUDS AZUL","CELULARES","","","","980000","1","","1"
"ZT-INV-AF62CFB8E115FF259041","REDMI NOTE 15 512GB /8RAM +BUDS AZUL GLA","CELULARES","","","","980000","0","","1"
"ZT-INV-C847A3228130783ACD48","REDMI NOTE 15 PRO 256GB + PARLANTE","CELULARES","","","","1190000","0","","1"
"ZT-INV-4E6829024F8F1639AA60","REDMI NOTE 15 PRO 256GB +PARLANTE","CELULARES","","","","1190000","0","","1"
"ZT-INV-32AF448BDEC0487334D0","REDMI WATCH 5 ACTIVE BLANCO","XIAOMI","","","","195000","0","","1"
"ZT-INV-7C91C39B24BD5BDFEC40","REDMI WATCH 5 ACTIVE NEGRO","XIAOMI","","","","195000","2","","1"
"ZT-INV-360BCA571A2235D50018","REDMI WATCH 5 LITE NEGRO","XIAOMI","","","","250000","0","","1"
"ZT-INV-BA19E8B05DAE037E1199","REDMI WATCH 5 LITE ROSA","XIAOMI","","","","250000","0","","1"
"ZT-INV-2CC33F8DD5051FDD005E","REDMI WATCH 6","XIAOMI","","","","420000","1","","1"
"ZT-INV-892EEEF72F13EC2A687D","REDMI WATCH 6 ACTIVE","XIAOMI","","","","250000","1","","1"
"ZT-INV-784158795598FE1E042F","REDMI WATCH 6 ACTIVE  NEGRO","XIAOMI","","","","250000","1","","1"
"ZT-INV-F7D971A979CBDDF27980","RELOJ KID 1 AURAFIT MOBULA BLANCO","GTIDE","","","","210000","0","","1"
"ZT-INV-6A70BE85AFC3438033E7","RELOJ KID1 MOBULA AZUL","GTIDE","","","","210000","0","","1"
"ZT-INV-30B470A1A22413A5A69A","ROKU STREAMING STICK","ACCESORIOS","","","","190000","1","","1"
"ZT-INV-47F62B5039CDEAB3CEE6","SAMSUNG A07 128GB /4RAM","CELULARES","","","","490000","1","","1"
"ZT-INV-5916DCEFED9E256B88B2","SAMSUNG A07 128GB/4RAM","CELULARES","","","","490000","1","","1"
"ZT-INV-B3AE885515863C20581E","SAMSUNG A16 256/8 RAM","CELULARES","","","","750000","0","","1"
"ZT-INV-6813DCEE5CA3BC89E282","SAMSUNG A17 128GB 4RAM GRIS","CELULARES","","","","780000","1","","1"
"ZT-INV-C674E989E41B40EEA6DC","SAMSUNG A26 256/8RAM","CELULARES","","","","980000","1","","1"
"ZT-INV-CA33CE0D9E697921A5B2","SILICON CASE","FORROS","","","","20000","187","","1"
"ZT-INV-3383B4AA01EC0F4E5EFA","SMART WATCH  T900 ULTRA","SMART WATCH","","","","120000","4","","1"
"ZT-INV-003B1B879A9EE5D54252","SMART WATCH HELLO TC 30","SMART WATCH","","","","120000","5","","1"
"ZT-INV-43415B283BBEB7E91E04","SMART WATCH MOVISUN QM 60","MOVISUN","","","","195000","0","","1"
"ZT-INV-ADC555812F8F32A63FB5","SMART WATCH MOVISUN QM 80","MOVISUN","","","","230000","1","","1"
"ZT-INV-23D19FB8C743DED95B10","SMART WATCH MOVISUN QN 30 PLATA","MOVISUN","","","","165000","1","","1"
"ZT-INV-DAADDDD4D00011AEA34F","SMART WATCH MOVISUN QN30 NEGRO","MOVISUN","","","","165000","0","","1"
"ZT-INV-65D449104E59472C25F0","SMART WATCH MOVISUN QN35","MOVISUN","","","","165000","0","","1"
"ZT-INV-C73D9238314B9F7D808D","SMART WATCH MOVISUN X8 PRO ULTRA","MOVISUN","","","","120000","2","","1"
"ZT-INV-CFBC757D0E408CC2B512","SMART WATCH MOVISUN X8+ ULTRA","MOVISUN","","","","120000","1","","1"
"ZT-INV-ABB9137E99540DC38C2C","SMART WATCH VIDVIE SW1624","VIDVIE","","","","185000","2","","1"
"ZT-INV-128677CE95E511C4967D","SOPORTE CELULAR EPIK STRONG","EPIK","","","","35000","1","","1"
"ZT-INV-1CE4E9B83B924467E611","SOPORTE EPIK CELULAR DESKTOP","EPIK","","","","35000","2","","1"
"ZT-INV-4C68B16B611A3773C8A1","SOPORTE LAPTOP STAND","ACCESORIOS COMPUTADORES","","","","35000","2","","1"
"ZT-INV-7EE32535B6D40B53DAFA","STAND EPIK ZEN 3 IN 1","EPIK","","","","120000","2","","1"
"ZT-INV-314DFC84F157358613C4","TAB A11","CELULARES","","","","650000","1","","1"
"ZT-INV-81AEE202C0DDC2E44BE3","TABLET MODIO M2 ROSA","GTIDE","","","","295000","1","","1"
"ZT-INV-F694D9EB3FB9A0E8B5A1","TECLADO EPIK BUNNY POP","EPIK","","","","150000","4","","1"
"ZT-INV-576787C284F26D04C173","TECLADO EPIK DESK ONE SET","EPIK","","","","95000","1","","1"
"ZT-INV-35179E3C53A0FDCD30BD","TECLADO EPIK FULL SIZE","EPIK","","","","32000","5","","1"
"ZT-INV-53861038B0C3C5B24AFD","TECLADO EPIK HYPER TYPE K87","EPIK","","","","110000","2","","1"
"ZT-INV-603180554ADED06C01FD","TECLADO FANTECH MAXFIT 61 BLANCO","EPIK","","","","255000","1","","1"
"ZT-INV-FF7F39AFD5E69D595907","TECLADO MANO RGB JEDEL K601","JEDEL","","","","85000","1","","1"
"ZT-INV-6F269DB144CD6A4FB073","TECLADO MANO RGB K7","JEDEL","","","","65000","1","","1"
"ZT-INV-1C596F4320D4A5CB0778","TECLADO VIDVIE KB05","VIDVIE","","","","145000","1","","1"
"ZT-INV-54F2BB46E4D03CC32E1B","TECLADO WEIBO WB-216","TECLADOS","","","","120000","2","","1"
"ZT-INV-DEB7B709CF9F22B4EEAA","TIVO STREAM 4K","ACCESORIOS","","","","190000","1","","1"
"ZT-INV-FFBEC07E531692617C99","TRIPODE EPIK AXIS","EPIK","","","","75000","1","","1"
"ZT-INV-AE12FADCF2D13B594F53","TRIPODE EPIK MOTION","EPIK","","","","120000","1","","1"
"ZT-INV-3AA26CF3CBAF55012C73","TRIPODE EPIK ORION","EPIK","","","","185000","0","","1"
"ZT-INV-55099A14F6DE613EE736","TV ONN FULL HD","INTERNET","","","","180000","0","","1"
"ZT-INV-C19A28125FDAE641BCCC","TV STICK ANDROID","INTERNET","","","","130000","0","","1"
"ZT-INV-CEF6E280C49A2460A2E5","USB 16 GB","MEMORIAS","","","","28000","2","","1"
"ZT-INV-D4D44DFC6481077B5914","USB 32GB","MEMORIAS","","","","32000","0","","1"
"ZT-INV-DA5DC34621CEF6EFD395","USB BLUETHOOT 5.1","ACCESORIOS","","","","20000","2","","1"
"ZT-INV-45ADEB0638A1107B31A7","USB VIDVIE 128GB","VIDVIE","","","","120000","2","","1"
"ZT-INV-883CA1EF5343FE07CD76","USB VIDVIE 256GB 2604","VIDVIE","","","","185000","1","","1"
"ZT-INV-B20AB53C5864721B7E53","USB VIDVIE 64GB","VIDVIE","","","","85000","0","","1"
"ZT-INV-65CF3831983E61C3A1E9","VIDRIO  SMART WATCH APPLE","VIDRIOS","","","","25000","11","","1"
"ZT-INV-1DC60A826D5CF54F89E9","VIDRIO BLINDADO","VIDRIOS","","","","20000","1355","","1"
"ZT-INV-6EC7268C25A2C625BA16","VIDRIO CAMARA IP 17 PRO MAX","VIDRIOS","","","","25000","7","","1"
"ZT-INV-AC09FD3BAABD448E9A20","VIDRIO CAMARA IPHONE","VIDRIOS","","","","5000","59","","1"
"ZT-INV-F6533BF969D305C158ED","VIDRIO SIN BORDE","VIDRIOS","","","","25000","160","","1"
"ZT-INV-B433BFDB978199EDF782","WALLET AIPHONE","ACCESORIOS","","","","35000","10","","1"
"ZT-INV-F13B6E913F195FEB0731","XIAOMI SMART BAND 10 BLANCO","XIAOMI","","","","240000","1","","1"
"ZT-INV-4B485A6278253AB5A645","XIAOMI SMART BAND 10 NEGRO","XIAOMI","","","","240000","0","","1"
"ZT-INV-4D6BDA8674BD6F71584C","XIAOMI SMART BAND 10 PRO NEGRO","XIAOMI","","","","380000","1","","1"
"ZT-INV-3E27812CA2D228A8AC88","XIAOMI SMART BAND 10 PRO ROSA","XIAOMI","","","","380000","1","","1"
"ZT-INV-28D1D52638E6DF479200","XIAOMI SMART BAND 9 ROSA","XIAOMI","","","","200000","1","","1"
"ZT-INV-D60BF5F99EA16F600A58","ZTE A35E 64GB","CELULARES","","","","360000","1","","1"
"ZT-INV-16AC09971F993E44745A","ZTE A76 128GB 4+4 RAM","CELULARES","","","","490000","1","","1"
